ID,WC_TA,RE_TA,EBIT_TA,MVE_BVTD,S_TA,Industry
52346,-0.133,-0.184,-0.010,0.591,0.441,9
55336,0.122,0.222,0.055,1.791,0.275,6
34139,0.121,0.254,0.039,2.348,0.352,8
48894,0.019,0.200,0.037,3.282,0.426,7
33906,0.081,0.178,0.041,0.808,0.281,4
54069,-0.071,-0.338,0.017,0.060,0.132,6
39430,0.085,0.170,0.051,0.266,0.108,3
58804,0.066,0.071,0.031,0.657,0.335,10
32429,-0.113,-1.376,0.007,-0.545,0.062,2
55575,0.050,0.151,0.040,2.657,0.309,10
60636,0.010,0.048,0.038,1.135,0.319,6
51691,0.453,0.607,0.071,1.622,0.501,6
46654,0.596,1.005,0.124,7.123,0.987,4
52090,-4.417,-7.884,-0.985,-0.481,0.100,1
57964,0.273,0.345,0.069,1.925,0.264,3
51933,0.140,0.191,0.050,1.263,0.218,10
35901,0.261,0.383,0.072,0.711,0.202,2
44171,0.246,0.256,0.071,0.532,0.132,6
41048,0.148,0.169,0.058,0.959,0.253,7
31560,0.286,0.413,0.072,1.804,0.242,10
54401,0.060,0.227,0.049,1.802,0.549,2
48208,0.196,0.449,0.064,6.397,0.544,1
45755,0.466,0.674,0.110,2.765,0.371,3
32889,0.100,0.275,0.042,3.048,0.547,8
39236,0.217,0.298,0.064,1.487,0.265,7
37951,0.370,0.404,0.077,1.114,0.301,3
33413,0.251,0.204,0.074,0.499,0.173,10
34584,0.046,0.206,0.038,2.194,0.375,8
57405,0.129,0.378,0.041,4.102,0.924,9
44976,0.334,0.572,0.077,6.227,0.398,7
50156,0.178,0.264,0.056,1.788,0.347,2
52640,0.573,0.518,0.116,1.255,0.255,9
33957,0.594,0.653,0.114,1.392,0.236,6
52486,-0.023,-0.162,0.023,-0.226,0.085,8
59457,-0.020,0.157,0.038,-0.049,0.376,6
46132,0.359,0.394,0.081,1.122,0.234,10
45954,0.171,0.306,0.058,2.685,0.420,7
57559,0.310,0.433,0.071,1.528,0.427,10
33846,0.089,0.257,0.044,1.496,0.384,5
48958,0.111,0.306,0.055,2.370,0.394,9
31340,0.167,0.368,0.056,3.435,0.302,7
56309,0.115,-0.220,0.039,0.469,0.051,7
51115,0.115,0.216,0.056,0.804,0.174,7
58326,0.052,-0.058,0.047,0.168,0.086,7
34526,0.543,0.809,0.099,8.418,0.694,1
56135,-0.046,0.041,0.022,1.367,0.345,2
38004,0.204,0.374,0.061,2.867,0.481,5
31423,0.212,0.315,0.069,1.580,0.278,7
35638,0.279,0.302,0.072,0.323,0.168,8
55623,-0.340,-0.667,-0.058,-0.229,0.109,6
49479,0.143,0.158,0.050,1.245,0.241,6
38126,0.173,0.572,0.061,9.008,0.648,6
55658,0.109,0.231,0.050,1.530,0.319,3
31700,-0.005,0.012,0.033,1.389,0.272,5
35385,-0.667,-2.132,-0.037,-0.503,0.049,9
46036,0.044,0.203,0.041,1.878,0.318,2
33222,0.197,0.162,0.070,0.315,0.133,5
49961,0.045,0.134,0.040,1.130,0.235,10
56202,0.057,0.414,0.043,5.437,0.648,5
47357,0.049,0.164,0.037,2.043,0.299,5
58125,0.108,0.007,0.039,-0.037,0.161,3
30857,0.231,0.370,0.068,5.926,0.557,6
33721,0.221,0.437,0.060,2.994,0.388,3
43146,-0.017,-0.021,0.023,0.737,0.266,9
51532,0.383,0.740,0.098,1.415,0.331,3
58589,0.035,0.109,0.036,0.686,0.264,10
57183,0.034,0.106,0.041,1.531,0.378,8
39252,-0.060,-0.007,0.023,2.285,0.478,2
45496,0.106,0.237,0.048,0.875,0.379,2
30300,0.103,0.221,0.050,1.264,0.194,8
30303,0.120,0.318,0.061,1.856,0.292,5
54035,0.081,0.245,0.050,5.625,0.476,10
38241,0.018,0.110,0.035,1.180,0.295,9
52254,0.082,0.300,0.042,2.696,0.350,5
56394,0.001,0.099,0.035,0.857,0.290,10
46232,0.356,0.839,0.070,11.846,1.211,5
54189,0.072,-0.071,0.046,-0.168,0.103,9
59370,0.194,0.223,0.062,1.298,0.150,1
37880,0.120,0.121,0.042,0.105,0.090,10
48898,0.086,0.171,0.052,0.581,0.116,5
55213,0.263,0.520,0.069,2.830,0.508,9
55868,0.137,0.156,0.056,1.325,0.255,2
56476,0.051,0.346,0.035,2.907,0.577,8
36023,0.206,0.276,0.062,1.440,0.191,1
32427,0.001,0.270,0.033,3.097,0.467,6
52841,-0.073,-0.138,0.012,0.700,0.285,8
45722,0.207,0.260,0.058,0.768,0.166,6
41490,0.116,0.290,0.050,5.749,0.483,2
35522,-0.023,-0.071,0.031,-0.011,0.186,9
58680,-0.296,-0.829,-0.046,-0.271,0.173,4
53366,0.128,0.357,0.060,3.418,0.368,7
32080,0.021,-0.534,0.034,-0.514,0.076,9
59242,-0.017,0.014,0.029,0.688,0.214,2
58928,0.118,0.251,0.058,1.338,0.254,10
32945,0.191,0.372,0.060,2.964,0.376,1
54732,0.058,0.120,0.043,0.655,0.274,7
52543,0.121,0.209,0.050,0.904,0.266,2
38393,0.005,-0.157,0.019,-0.185,0.165,3
31889,0.422,0.922,0.083,44.363,1.399,4
48248,0.159,0.278,0.050,3.637,0.313,6
33258,0.004,0.049,0.045,0.352,0.162,8
36320,-0.055,-0.203,0.017,-0.282,0.109,2
36858,0.281,0.542,0.067,4.772,0.677,7
43119,0.138,0.253,0.055,1.795,0.414,2
46405,-0.217,-0.246,-0.081,0.859,0.201,8
52822,0.049,0.371,0.044,4.007,0.747,4
35350,0.390,0.664,0.087,8.939,1.145,4
32065,0.143,0.318,0.053,2.843,0.381,2
44070,-0.002,0.056,0.033,0.698,0.149,6
52603,0.172,0.215,0.059,0.768,0.175,6
32364,0.022,0.157,0.040,1.686,0.298,1
60498,0.324,0.580,0.066,12.171,1.166,2
31956,0.111,0.015,0.060,-0.334,0.069,7
49869,0.330,0.380,0.079,1.118,0.159,6
32881,0.125,0.318,0.057,1.599,0.180,1
33956,0.618,1.048,0.107,31.642,0.912,4
39961,0.040,0.184,0.037,1.413,0.272,1
49678,0.123,0.162,0.055,1.005,0.184,2
36433,0.124,0.179,0.056,1.544,0.162,2
48388,0.402,0.549,0.107,1.233,0.206,1
59509,0.019,-0.166,0.022,0.166,0.212,6
33273,0.352,0.473,0.085,2.968,0.416,8
52281,0.312,0.483,0.079,4.634,0.516,9
34801,0.074,0.215,0.048,1.492,0.218,7
32434,-0.048,-0.053,0.025,-0.077,0.117,3
55782,0.165,0.220,0.053,1.999,0.302,3
40652,0.304,0.462,0.066,4.794,0.336,6
35032,0.410,0.546,0.089,1.678,0.368,9
54257,0.140,0.159,0.052,0.462,0.121,2
34126,0.239,0.342,0.061,2.226,0.330,4
44053,-0.095,-0.479,0.031,0.129,0.072,1
51302,0.043,-0.006,0.054,-0.326,0.116,3
57098,0.180,0.321,0.057,2.946,0.403,10
31029,0.212,0.173,0.057,0.656,0.363,7
58486,0.235,0.342,0.072,1.538,0.303,4
53554,0.229,0.235,0.058,2.066,0.231,3
49693,0.299,0.432,0.076,3.481,0.289,9
50421,0.265,0.223,0.066,0.572,0.129,7
53104,0.494,0.736,0.103,6.615,0.664,7
36215,0.181,0.263,0.063,0.456,0.185,4
59395,0.093,0.094,0.047,1.344,0.296,7
33522,0.584,0.853,0.121,3.478,0.474,4
55572,-0.054,-0.168,0.023,-0.478,0.108,10
55629,0.218,0.505,0.063,6.397,0.557,6
46541,0.130,0.175,0.053,0.972,0.208,9
37155,0.058,0.201,0.052,1.182,0.197,2
32403,0.025,0.088,0.045,0.321,0.183,7
46984,0.288,0.506,0.069,2.155,0.342,2
47538,-0.013,-0.071,0.041,0.356,0.123,5
53882,0.227,0.204,0.060,1.306,0.259,6
33106,0.237,0.441,0.069,2.466,0.370,9
34382,0.071,-0.011,0.041,-0.527,0.075,4
36714,0.225,0.123,0.055,0.685,0.142,4
43759,0.017,0.117,0.034,1.568,0.233,9
57072,0.481,0.582,0.103,4.103,0.544,8
36964,0.008,-0.037,0.037,-0.089,0.113,6
30931,0.125,0.174,0.057,1.207,0.188,2
32789,0.144,0.130,0.051,1.642,0.246,8
46639,0.109,0.170,0.048,-0.129,0.125,7
34915,0.632,0.988,0.137,16.551,0.656,4
43155,0.287,0.451,0.069,2.850,0.477,4
41602,0.334,0.573,0.088,3.345,0.741,5
31852,-0.286,-1.193,-0.024,-0.494,0.071,7
31532,-0.009,0.027,0.035,0.188,0.198,7
35886,0.112,0.306,0.051,2.907,0.752,1
48331,0.245,0.269,0.051,2.317,0.373,4
45501,0.044,0.106,0.033,0.941,0.246,5
48797,0.138,0.308,0.055,3.673,0.351,7
43057,-0.077,0.041,0.019,1.209,0.315,4
44868,0.255,0.312,0.071,0.792,0.211,6
54960,0.235,0.393,0.068,2.370,0.391,10
30012,0.108,0.133,0.049,1.062,0.172,1
32506,-0.141,-0.008,0.011,1.334,0.337,6
38228,0.100,0.175,0.048,1.386,0.288,6
57435,0.424,0.745,0.099,8.469,0.298,5
44279,0.148,0.373,0.055,1.825,0.376,5
31474,0.360,0.289,0.077,0.335,0.100,4
47572,0.197,0.418,0.063,1.844,0.270,4
58265,-0.022,0.090,0.025,1.057,0.240,2
50117,0.185,0.366,0.053,6.525,0.692,9
33226,-0.020,0.087,0.034,0.678,0.249,4
40834,0.299,0.559,0.070,7.166,0.658,4
49424,0.040,0.175,0.043,1.951,0.161,2
60555,0.282,0.687,0.067,9.298,0.649,9
41777,0.082,0.139,0.047,1.487,0.384,10
39647,0.081,0.220,0.047,1.439,0.223,2
38798,-0.038,0.158,0.027,1.552,0.435,5
59241,0.177,0.246,0.062,1.036,0.172,10
57819,0.315,0.446,0.081,1.557,0.250,7
47487,0.261,0.456,0.059,2.417,0.237,9
55531,0.212,0.289,0.057,2.131,0.277,10
35737,0.415,0.312,0.090,-0.009,0.098,6
47390,0.237,0.284,0.074,0.945,0.210,4
54289,0.290,0.736,0.068,10.598,0.708,3
40826,-0.002,0.189,0.032,0.629,0.347,6
55641,0.294,0.282,0.072,2.131,0.322,6
35623,0.531,0.620,0.104,1.791,0.267,1
56692,-0.013,0.063,0.033,1.349,0.226,10
34023,0.025,0.064,0.036,0.432,0.202,1
37864,0.361,0.358,0.072,0.101,0.135,10
33477,0.054,0.397,0.047,7.892,0.668,1
53421,0.022,-0.009,0.033,0.097,0.191,8
50769,0.264,0.355,0.068,1.632,0.208,8
38145,0.042,0.206,0.046,1.437,0.144,3
52179,0.145,0.362,0.053,2.182,0.413,9
42495,0.078,0.156,0.053,0.908,0.144,8
42848,-0.063,0.067,-0.020,0.850,0.173,1
46347,0.328,1.007,0.071,14.959,1.406,5
40223,0.240,0.363,0.067,1.990,0.202,6
33977,-0.236,-0.758,-0.009,0.702,0.508,1
59172,0.048,0.109,0.043,0.838,0.195,9
35622,0.225,0.283,0.063,1.659,0.292,4
41464,-0.017,-0.023,0.034,-0.074,0.131,5
51890,-0.024,0.103,0.027,3.296,0.692,2
56545,0.000,0.304,0.039,4.921,0.417,3
50479,0.078,0.151,0.041,1.527,0.189,5
42736,0.166,0.086,0.053,0.704,0.123,2
47778,0.151,0.330,0.053,1.397,0.367,10
51020,0.088,0.169,0.045,1.080,0.231,9
59874,0.051,0.272,0.036,3.989,0.582,9
49892,0.023,0.240,0.038,4.337,0.714,1
59258,0.073,0.326,0.046,2.670,0.441,5
51013,0.311,0.472,0.077,2.249,0.377,7
49127,0.036,0.004,0.032,-0.292,0.190,2
33387,0.102,0.221,0.047,1.916,0.304,10
59211,0.040,0.135,0.038,0.914,0.176,7
45475,0.195,0.480,0.059,5.902,0.471,6
46571,0.339,0.382,0.065,0.825,0.207,4
47652,-0.062,0.048,0.025,1.086,0.438,2
33496,0.358,0.479,0.075,1.128,0.328,9
39226,0.249,0.327,0.066,1.185,0.249,3
39149,0.062,0.183,0.050,1.021,0.200,2
32716,0.238,0.351,0.070,2.103,0.141,10
30341,0.307,0.374,0.073,2.337,0.274,9
53640,-0.951,-2.812,-0.218,-0.526,0.090,5
36146,-0.072,-0.368,0.023,-0.476,0.079,9
37044,-0.044,0.142,0.026,2.277,0.366,1
54862,-0.033,-0.112,0.031,0.034,0.100,8
57188,-0.005,-0.285,0.034,-0.420,0.108,9
54980,0.196,0.195,0.066,0.834,0.182,4
41601,-0.018,0.053,0.039,3.342,0.251,10
44526,0.215,0.328,0.062,1.692,0.402,1
41326,0.061,0.228,0.045,0.844,0.201,6
40311,0.331,0.328,0.079,1.089,0.187,7
50075,-0.103,-0.741,0.010,-0.311,0.075,5
32161,0.145,0.122,0.047,1.840,0.335,6
31145,-0.002,-0.064,0.036,0.484,0.099,9
56208,0.221,0.363,0.059,3.266,0.474,3
45259,0.042,0.135,0.041,0.860,0.140,4
49302,0.019,0.140,0.034,2.135,0.549,7
30011,0.108,0.105,0.058,0.332,0.102,2
40214,0.020,0.150,0.040,1.151,0.258,2
55748,0.221,0.426,0.064,1.898,0.355,9
44028,0.390,0.453,0.084,1.793,0.250,8
38632,-0.096,-0.766,0.008,-0.517,0.095,1
47444,-0.037,0.151,0.031,1.326,0.380,8
56739,0.329,0.571,0.071,3.782,0.417,3
39119,0.072,0.266,0.048,1.505,0.211,3
59673,0.081,0.103,0.054,0.527,0.126,5
51950,-0.025,0.191,0.032,1.677,0.406,6
38764,0.002,0.062,0.032,1.398,0.290,8
31198,0.189,0.340,0.059,2.582,0.296,6
50953,-0.008,-0.017,0.028,1.088,0.193,7
50666,0.286,0.541,0.068,3.343,0.505,9
41144,0.275,0.147,0.070,0.883,0.187,7
56633,0.132,0.279,0.051,1.681,0.240,6
41062,0.195,0.326,0.055,1.671,0.455,8
33669,-0.050,-0.216,0.024,-0.330,0.098,6
41753,0.099,0.163,0.055,1.141,0.213,10
60652,0.116,0.388,0.052,6.029,1.074,8
52651,0.020,0.073,0.034,0.349,0.223,1
35054,-0.009,-0.050,0.035,-0.068,0.145,7
58209,0.212,0.427,0.059,2.797,0.329,7
31427,0.326,0.674,0.079,6.243,0.735,6
35535,0.587,0.731,0.113,3.272,0.378,1
54269,0.048,0.136,0.033,1.144,0.235,9
34853,0.244,0.555,0.061,9.197,0.920,2
39177,0.159,0.148,0.052,0.702,0.131,10
51022,0.141,0.102,0.057,0.254,0.217,4
39038,0.004,-0.126,0.037,-0.242,0.155,7
37340,0.033,0.039,0.040,0.684,0.204,9
52977,-0.087,-0.248,0.009,-0.032,0.187,8
55892,0.123,0.148,0.054,0.834,0.170,4
40002,0.102,-0.058,0.049,-0.349,0.095,3
50440,-0.062,-0.044,0.015,0.143,0.188,4
60499,0.070,0.215,0.040,1.407,0.161,9
34573,0.131,-0.021,0.048,-0.440,0.079,2
30036,0.314,0.424,0.076,0.952,0.206,4
56407,0.138,0.225,0.051,1.465,0.155,4
33238,0.156,0.210,0.044,1.610,0.282,4
37654,0.247,0.573,0.056,6.052,0.668,4
49039,0.039,-0.019,0.048,0.180,0.099,3
33546,0.052,0.241,0.046,2.177,0.457,9
39499,0.144,0.151,0.049,1.048,0.274,4
39240,0.234,0.331,0.070,0.801,0.175,6
39704,0.460,0.878,0.112,3.494,0.396,9
37552,0.521,0.548,0.101,4.175,0.307,8
36458,0.158,0.090,0.048,0.053,0.100,8
46336,0.261,0.378,0.066,3.699,0.446,8
45923,0.002,0.078,0.035,0.294,0.579,4
57779,0.304,0.548,0.060,3.452,0.548,10
47724,-0.004,0.088,0.037,1.014,0.241,8
53364,0.189,0.237,0.057,1.604,0.333,4
47543,0.227,0.434,0.068,3.143,0.402,5
54561,0.073,0.064,0.044,-0.300,0.102,1
47176,0.087,0.126,0.050,1.401,0.368,10
31018,0.418,0.556,0.087,1.706,0.355,1
51029,-0.016,0.306,0.033,2.537,0.379,2
47668,0.480,0.643,0.097,3.183,0.358,6
30430,0.048,0.069,0.043,0.459,0.222,5
40298,-0.010,-0.090,0.025,0.151,0.115,5
32962,0.270,0.619,0.072,3.868,0.534,1
46810,0.078,0.179,0.061,2.485,0.152,5
55938,0.187,0.080,0.058,0.109,0.259,8
36423,0.044,-0.084,0.046,-0.496,0.076,3
42379,0.314,0.347,0.071,1.409,0.197,7
38921,0.253,0.384,0.073,1.208,0.272,6
58981,0.121,0.263,0.051,1.492,0.170,3
39539,0.216,0.472,0.063,4.427,0.505,2
49416,0.180,0.373,0.062,1.821,0.361,4
55451,0.183,0.476,0.063,5.296,0.704,8
42456,0.053,-0.053,0.044,-0.388,0.086,10
56511,0.315,0.301,0.082,0.985,0.140,6
40890,0.223,0.404,0.060,1.921,0.326,2
34175,0.344,0.472,0.079,1.838,0.239,3
41541,0.095,0.137,0.045,1.153,0.272,5
33740,0.108,0.217,0.044,1.732,0.299,1
48292,-0.004,0.121,0.032,0.768,0.221,7
31095,-0.025,-0.272,0.029,-0.289,0.101,4
60675,0.142,0.470,0.049,8.117,0.641,5
34191,0.151,0.160,0.055,1.143,0.204,8
30615,0.541,1.021,0.107,60.994,2.173,8
47054,0.044,0.075,0.048,0.109,0.110,10
38924,-0.015,-0.221,0.023,0.118,0.107,4
32297,-0.073,-0.024,0.015,0.730,0.145,4
43652,0.091,0.211,0.046,1.247,0.290,1
46789,-0.019,-0.243,0.037,-0.451,0.099,7
57365,-0.071,-0.148,0.016,1.020,0.327,4
46932,0.168,0.184,0.056,1.014,0.155,9
43515,0.367,0.497,0.089,1.358,0.463,2
57181,0.021,0.319,0.041,3.657,1.021,5
52151,0.002,0.110,0.033,1.624,0.468,8
41203,0.010,-0.019,0.042,0.687,0.124,1
35891,0.219,0.363,0.060,0.521,0.226,3
42012,0.252,0.343,0.074,2.093,0.398,6
45406,0.152,0.212,0.050,0.978,0.190,10
42165,0.182,0.554,0.058,5.911,0.851,2
44490,0.168,0.273,0.056,1.255,0.270,10
32616,0.382,0.349,0.079,1.433,0.154,6
59473,0.326,0.185,0.072,0.025,0.101,6
31418,0.057,0.153,0.047,1.240,0.271,5
48848,0.363,0.494,0.085,4.193,0.239,8
45326,0.030,0.129,0.026,2.015,0.406,10
58593,0.367,0.437,0.077,2.800,0.306,3
55047,0.104,0.063,0.046,-0.172,0.107,2
42976,0.155,0.226,0.065,1.021,0.126,8
51322,0.196,0.186,0.062,1.562,0.250,1
44127,0.097,0.143,0.049,0.900,0.326,4
55546,0.358,0.418,0.084,3.213,0.275,1
45966,0.430,0.803,0.088,10.467,0.805,8
44401,0.156,0.793,0.063,59.655,1.665,1
44447,-0.013,-0.255,0.022,-0.422,0.122,1
41657,-0.049,0.008,0.027,0.647,0.166,6
49444,0.336,0.523,0.086,2.456,0.448,6
41634,0.169,0.275,0.058,1.288,0.188,5
30577,0.138,0.354,0.053,2.383,0.432,4
36521,-0.046,-0.895,0.023,-0.571,0.046,5
33921,0.284,0.416,0.073,2.201,0.372,9
49466,-0.025,-0.009,0.015,1.351,0.189,9
41942,0.044,0.093,0.040,0.804,0.273,1
48461,0.165,0.373,0.059,3.541,0.564,1
42675,0.209,0.236,0.066,0.928,0.149,9
44189,-0.061,-0.333,0.022,-0.433,0.098,2
30890,0.436,0.681,0.081,16.344,1.311,8
55326,0.280,0.451,0.066,2.004,0.301,3
40706,0.211,0.597,0.063,11.731,1.112,7
34236,0.215,0.289,0.058,3.622,0.160,8
57636,0.133,0.255,0.058,0.836,0.188,7
54203,0.269,0.294,0.070,1.887,0.238,4
39981,0.011,-0.102,0.037,-0.220,0.142,4
30572,0.156,0.369,0.054,1.762,0.292,2
42519,0.204,0.333,0.066,1.830,0.370,4
47257,0.164,0.234,0.058,1.406,0.200,9
32277,-0.043,-0.114,0.024,0.406,0.106,8
45951,0.005,0.246,0.041,1.669,0.324,10
38602,0.533,0.849,0.111,5.025,0.449,5
40535,0.072,0.204,0.041,2.308,0.347,9
37822,0.277,0.254,0.070,1.448,0.209,9
52460,-0.113,-1.160,0.005,-0.358,0.163,9
49330,0.158,0.158,0.062,-0.021,0.087,1
46276,0.310,0.396,0.076,1.590,0.287,2
31252,0.233,0.492,0.066,3.750,0.553,2
39781,-0.106,-0.062,0.015,1.523,0.279,4
51318,0.091,0.259,0.051,1.257,0.238,5
48760,0.085,0.198,0.040,2.583,0.486,4
31336,0.398,0.341,0.090,1.177,0.175,7
56082,0.017,0.169,0.037,2.064,0.390,4
39359,0.097,0.259,0.047,1.021,0.309,6
59037,0.313,0.513,0.080,3.380,0.487,2
43799,-0.077,-0.240,0.015,-0.009,0.139,5
31289,0.244,0.465,0.066,2.420,0.277,4
35318,0.256,0.451,0.072,1.750,0.301,9
32156,-0.066,0.017,0.017,0.627,0.324,9
52598,-0.140,-0.320,0.007,-0.376,0.118,4
53087,0.109,-0.003,0.053,-0.116,0.123,9
58932,0.070,0.273,0.045,2.910,0.449,10
33582,0.561,0.693,0.133,3.768,0.398,2
45936,0.295,0.404,0.078,1.847,0.418,5
60729,0.039,0.204,0.040,1.073,0.270,9
35710,0.314,0.410,0.078,2.840,0.441,7
47004,0.099,0.368,0.039,2.107,0.440,5
53395,0.068,0.190,0.039,1.084,0.326,1
40371,0.165,0.151,0.056,0.554,0.200,10
31026,0.120,0.348,0.055,1.160,0.197,3
51473,0.146,0.188,0.065,-0.088,0.119,1
41109,0.514,0.897,0.109,8.883,1.170,2
44191,0.056,0.245,0.043,1.713,0.396,9
44948,0.125,0.234,0.051,1.455,0.298,6
49602,0.020,0.104,0.041,0.815,0.210,9
38716,-0.419,-0.344,-0.056,1.073,0.226,5
47427,0.141,0.235,0.048,1.541,0.149,3
59650,-0.043,-0.244,0.030,-0.153,0.104,1
43618,0.245,0.322,0.057,0.735,0.150,1
60036,-0.157,-0.415,-0.014,-0.013,0.113,7
48989,0.124,0.051,0.034,-0.235,0.128,9
31595,0.242,0.434,0.069,2.364,0.330,3
36664,0.285,0.127,0.076,-0.326,0.090,7
52877,0.100,0.078,0.045,0.493,0.167,3
58169,0.260,0.325,0.062,1.515,0.218,8
48974,-0.132,-0.148,0.014,0.442,0.270,6
59251,0.389,0.643,0.086,6.604,0.502,9
52414,0.105,0.295,0.046,2.115,0.381,9
55668,0.166,0.266,0.058,1.701,0.366,8
34198,0.115,0.218,0.052,0.745,0.199,5
59134,-0.229,-0.650,-0.011,-0.277,0.165,8
57672,0.058,0.452,0.049,9.413,0.737,8
60587,0.147,0.333,0.057,2.545,0.379,7
40904,0.107,0.153,0.061,0.612,0.114,3
52094,0.486,0.726,0.084,7.390,0.666,2
42414,-0.087,-0.772,-0.002,-0.538,0.068,2
40526,0.231,0.203,0.053,0.058,0.157,10
31322,0.211,0.343,0.063,1.780,0.309,4
37199,0.054,0.062,0.035,1.353,0.379,1
39550,0.165,0.069,0.063,1.201,0.364,7
37197,-0.059,0.065,0.026,1.303,0.378,8
34811,0.188,0.315,0.060,1.578,0.263,5
44466,0.072,0.142,0.051,1.140,0.293,3
41405,0.157,0.387,0.058,4.450,0.706,1
60441,0.288,0.562,0.068,5.959,0.755,4
44182,0.102,0.237,0.052,0.766,0.215,6
60554,-0.081,0.026,0.007,1.212,0.339,9
38486,0.046,0.185,0.046,0.913,0.216,1
40402,0.170,0.244,0.059,0.671,0.337,7
49091,0.184,0.232,0.040,2.490,0.538,9
50745,0.360,0.549,0.074,2.861,0.421,2
40873,0.392,0.358,0.086,-0.097,0.082,6
49380,0.012,-0.040,0.032,0.550,0.283,9
58957,-0.124,-0.109,0.003,1.097,0.485,7
51503,0.606,0.862,0.117,7.270,0.283,4
54316,0.129,0.318,0.055,1.997,0.368,9
41492,0.743,1.002,0.192,3.380,0.779,5
44173,-0.072,-0.206,0.011,0.637,0.243,9
38816,0.065,0.314,0.041,1.999,0.348,2
45431,0.197,0.174,0.049,2.505,0.331,8
33391,0.135,0.181,0.042,1.403,0.292,9
53009,0.467,0.420,0.094,1.108,0.121,9
59032,0.259,0.225,0.068,0.941,0.176,3
54388,0.048,0.083,0.043,0.793,0.275,3
41396,0.081,0.225,0.044,2.708,0.370,7
41261,0.078,0.277,0.052,2.918,0.304,4
47108,0.211,0.334,0.065,2.431,0.280,4
45176,0.094,0.107,0.042,1.225,0.274,3
51957,0.416,0.559,0.083,2.247,0.522,4
37056,0.379,0.512,0.081,2.780,0.334,10
33296,0.078,0.057,0.035,1.621,0.420,2
31396,0.078,0.164,0.043,1.245,0.259,5
34322,0.114,0.148,0.053,0.726,0.176,5
34520,0.193,0.453,0.063,3.037,0.304,2
54706,0.068,0.304,0.043,2.556,0.416,3
30134,0.423,0.772,0.078,8.273,0.764,6
38480,-0.042,-0.023,0.019,1.325,0.312,3
48070,0.213,0.227,0.067,0.513,0.093,7
31626,0.019,0.027,0.039,0.694,0.257,4
55313,-0.053,-0.311,0.022,-0.432,0.076,2
42981,0.238,0.619,0.054,7.505,0.415,5
50155,0.172,0.155,0.055,0.728,0.216,7
36484,0.574,1.112,0.128,17.457,0.693,8
56373,0.022,0.100,0.041,1.068,0.248,4
59631,0.212,0.184,0.069,-0.110,0.176,4
59853,-0.120,-0.186,-0.004,1.473,0.377,9
38579,0.522,0.717,0.112,8.583,0.462,1
49525,-0.205,-0.554,-0.002,-0.472,0.105,9
40642,-0.083,0.096,-0.002,1.621,0.796,5
32840,0.076,0.034,0.046,0.752,0.139,6
31963,0.035,0.156,0.039,1.064,0.209,3
37377,0.341,0.286,0.073,0.923,0.207,2
34229,0.081,0.104,0.047,0.717,0.181,9
44261,0.142,0.342,0.055,3.691,0.519,10
43839,0.034,0.119,0.037,0.725,0.241,1
45034,0.595,1.005,0.099,12.066,0.691,5
55831,0.303,0.456,0.077,2.040,0.421,10
55291,0.328,0.394,0.068,0.852,0.206,6
59543,0.062,0.405,0.041,3.326,0.745,10
55781,0.310,0.492,0.071,3.540,0.492,2
55478,0.043,0.054,0.041,0.064,0.125,8
46258,0.346,0.227,0.085,-0.181,0.078,9
46129,0.052,0.206,0.035,1.349,0.231,5
53830,0.153,0.221,0.051,1.602,0.366,2
49658,-0.086,-0.135,0.013,0.908,0.141,8
53214,0.032,0.204,0.031,3.531,0.642,8
34436,0.274,0.389,0.066,1.759,0.306,8
58368,-0.022,0.072,0.032,0.797,0.183,3
31426,0.055,0.032,0.036,0.297,0.201,9
35644,0.176,0.262,0.070,1.503,0.275,9
40724,-0.069,-0.067,0.003,0.839,0.380,1
55404,0.170,0.398,0.066,1.703,0.302,2
39832,0.208,0.331,0.058,1.397,0.301,5
55547,0.249,0.329,0.063,1.680,0.263,2
57385,0.478,0.655,0.086,4.719,0.811,4
39748,0.075,0.114,0.050,0.866,0.151,8
47309,0.062,0.162,0.041,1.677,0.380,6
60029,0.131,0.177,0.050,-0.188,0.145,6
46783,0.010,0.029,0.031,0.542,0.160,6
48645,-0.061,-0.087,0.006,-0.027,0.159,2
43576,-0.112,-0.072,0.003,1.065,0.166,2
55204,0.031,-0.002,0.044,-0.110,0.094,9
36777,0.038,0.094,0.046,4.557,0.379,8
32802,0.256,0.357,0.067,1.531,0.279,4
43794,0.271,0.567,0.064,5.615,0.596,2
45150,0.288,0.334,0.075,1.699,0.303,1
51363,0.090,0.284,0.057,0.511,0.203,6
43764,0.057,0.161,0.049,1.305,0.155,4
46387,0.192,0.246,0.069,0.469,0.155,4
57990,-0.032,0.238,0.023,3.654,0.672,5
48732,0.014,0.163,0.030,3.544,0.725,4
43392,0.161,0.271,0.053,2.628,0.368,6
55441,0.139,0.292,0.050,1.576,0.325,6
32636,0.102,0.037,0.058,0.085,0.163,9
35977,0.203,0.281,0.054,2.159,0.424,1
58421,-0.085,0.111,0.022,0.944,0.311,8
53722,0.113,0.122,0.062,0.798,0.173,10
44643,0.064,0.203,0.043,1.834,0.233,4
55465,-0.097,-0.074,0.002,1.346,0.539,3
30019,-0.099,0.241,-0.007,4.602,0.922,7
34914,0.010,-0.216,0.038,-0.345,0.070,6
53371,0.076,0.320,0.048,3.472,0.440,4
51853,0.138,0.362,0.056,1.602,0.231,3
38915,0.085,0.093,0.049,0.623,0.187,4
55863,0.427,0.706,0.081,9.702,0.772,9
33649,-0.072,0.040,0.023,1.164,0.235,3
49790,0.305,0.446,0.074,2.833,0.535,1
57065,0.113,0.125,0.054,1.507,0.298,3
40153,0.100,0.051,0.052,0.250,0.133,2
41143,0.019,-0.097,0.030,0.037,0.163,7
31486,0.186,0.323,0.059,0.000,0.253,9
36055,0.158,0.386,0.071,3.081,0.240,10
57412,0.164,0.256,0.057,1.029,0.296,5
54326,0.279,0.259,0.071,0.966,0.142,1
38238,0.102,0.112,0.042,0.178,0.071,6
48469,0.432,0.726,0.094,2.077,0.332,5
57900,0.168,0.173,0.057,1.138,0.199,4
48709,0.149,0.470,0.046,3.063,0.393,1
55308,0.159,0.301,0.046,4.509,0.465,2
50776,0.051,0.296,0.046,2.871,0.325,4
53833,0.325,0.446,0.076,4.120,0.298,10
49046,0.077,0.030,0.044,-0.188,0.128,6
30448,0.365,0.288,0.082,1.100,0.111,3
56956,0.485,0.723,0.090,6.491,0.800,1
41559,0.164,0.226,0.061,0.987,0.261,2
46015,-0.327,-1.016,-0.024,-0.445,0.117,7
56755,0.172,0.330,0.059,1.603,0.269,5
39388,0.188,0.404,0.051,3.049,0.595,9
32834,-0.089,-0.353,0.015,-0.164,0.094,1
48434,0.212,0.352,0.060,2.881,0.300,5
45662,0.149,0.339,0.059,1.716,0.279,4
56588,0.034,0.173,0.036,1.417,0.284,10
47244,-0.064,0.056,0.026,1.130,0.358,2
34064,0.520,0.647,0.091,2.854,0.428,2
30809,0.515,0.789,0.121,5.224,0.369,6
59807,0.078,0.115,0.046,0.166,0.136,1
50351,0.069,0.286,0.039,2.749,0.376,5
34557,-0.101,-0.517,0.002,-0.458,0.059,10
47431,-0.069,-2.350,0.012,-0.574,0.036,2
58370,0.060,0.082,0.039,0.642,0.155,5
45998,0.180,0.297,0.059,1.371,0.174,6
40919,0.097,0.018,0.045,-0.095,0.105,7
47490,0.188,0.284,0.065,1.043,0.253,4
52497,0.181,0.344,0.059,1.577,0.318,8
53617,0.137,0.261,0.054,1.082,0.359,5
31604,0.141,0.152,0.048,1.068,0.252,2
32813,0.227,0.390,0.064,1.872,0.300,8
33999,0.445,0.615,0.088,3.363,0.320,10
42880,0.090,0.232,0.042,2.007,0.163,4
53029,0.260,0.405,0.079,3.346,0.392,7
45775,0.083,0.202,0.052,2.935,0.270,3
51925,-0.043,-1.049,0.017,-0.521,0.074,3
36658,-0.041,-0.018,0.026,0.671,0.146,7
48450,-0.014,-0.001,0.034,-0.155,0.121,9
45859,0.038,-0.069,0.032,0.336,0.196,5
30839,0.093,0.109,0.048,0.532,0.091,4
32327,-0.103,-0.572,0.011,-0.390,0.075,3
32340,-0.035,0.030,0.033,0.014,0.144,7
41359,0.375,0.515,0.081,2.056,0.271,3
55657,0.397,0.384,0.088,0.455,0.098,4
54077,0.048,0.134,0.047,0.994,0.191,3
30223,0.068,0.166,0.049,1.107,0.260,2
42335,0.300,0.735,0.065,5.708,0.645,7
55317,0.095,0.160,0.040,1.097,0.221,6
59883,0.114,0.167,0.054,0.326,0.112,9
60344,-0.025,-0.029,0.025,0.346,0.149,5
55939,0.134,0.587,0.040,8.183,1.134,5
35751,0.168,0.266,0.056,1.390,0.214,5
31274,0.098,0.074,0.041,0.640,0.097,5
36518,-0.193,-0.795,-0.002,-0.431,0.096,8
44015,0.165,0.302,0.061,2.243,0.222,7
53804,0.336,0.613,0.078,2.510,0.667,5
59736,-0.551,-0.441,-0.109,0.733,0.184,9
47882,0.499,0.531,0.089,1.553,0.341,7
31670,0.069,-0.020,0.051,-0.397,0.146,6
55669,0.120,0.251,0.042,1.831,0.664,7
46531,0.117,0.273,0.051,1.146,0.251,9
44804,0.293,0.456,0.071,2.148,0.224,7
30580,0.213,0.333,0.060,1.829,0.291,4
42242,0.212,0.403,0.060,2.738,0.313,1
41163,0.171,0.377,0.058,2.699,0.374,2
36938,0.134,0.077,0.059,-0.414,0.099,5
32658,0.228,0.149,0.065,-0.252,0.138,9
53610,0.434,0.579,0.083,1.715,0.494,5
44151,0.243,0.733,0.072,2.295,0.428,2
46205,0.125,0.272,0.055,2.590,0.448,1
58023,0.088,-0.023,0.050,-0.342,0.066,7
49088,0.126,0.190,0.049,1.999,0.496,5
53841,-0.140,-0.973,0.017,-0.570,0.052,4
32126,0.085,0.049,0.049,0.316,0.177,6
48258,0.226,0.370,0.081,5.448,0.346,9
52138,0.574,0.781,0.108,7.213,0.494,3
38617,-0.049,-0.387,0.023,-0.446,0.084,5
53408,-0.495,-1.514,-0.088,-0.513,0.099,8
32564,0.286,0.385,0.077,1.462,0.242,9
55107,0.232,0.258,0.053,1.225,0.358,10
53163,0.119,0.252,0.053,2.696,0.310,6
44593,0.535,0.762,0.097,12.299,0.912,8
40896,0.013,0.167,0.032,1.687,0.275,6
40059,0.014,0.022,0.048,0.032,0.119,1
54318,0.548,0.871,0.104,11.836,0.907,9
56167,-0.007,0.141,0.033,2.034,0.349,8
57680,0.244,0.336,0.063,1.540,0.234,8
53280,0.021,-0.017,0.045,0.014,0.130,6
43431,0.154,0.288,0.048,2.331,0.317,5
60538,0.177,0.145,0.048,0.740,0.156,9
44503,0.019,0.053,0.042,0.801,0.107,2
55677,0.092,0.125,0.057,1.000,0.206,7
43993,0.069,0.412,0.034,10.768,1.431,2
43536,0.121,0.260,0.052,1.400,0.434,7
52126,0.043,-0.005,0.040,0.139,0.104,6
30834,0.199,0.254,0.061,1.615,0.292,5
48394,0.459,0.648,0.092,3.114,0.395,2
54583,0.282,0.473,0.070,2.349,0.330,7
48475,-0.005,0.041,0.035,0.290,0.126,8
34714,0.124,0.101,0.052,-0.028,0.137,6
52895,0.577,0.822,0.110,3.937,0.522,10
47471,0.102,0.131,0.049,0.327,0.093,2
50058,0.341,0.497,0.072,3.536,0.514,10
42905,0.034,0.316,0.040,2.724,0.573,3
38888,0.220,0.262,0.055,2.270,0.277,4
52542,-0.038,-0.009,0.021,0.469,0.242,10
56797,0.264,0.392,0.074,1.357,0.417,9
54585,0.084,0.156,0.047,0.751,0.148,2
37902,0.103,0.238,0.041,1.435,0.331,3
57645,0.002,0.092,0.034,1.119,0.209,6
37970,0.024,0.008,0.043,0.208,0.132,9
34513,0.195,0.228,0.049,1.851,0.293,5
41151,0.138,0.051,0.063,-0.146,0.091,8
48502,-0.036,0.247,0.036,5.431,0.299,2
39420,0.489,0.981,0.094,26.744,1.398,4
49723,0.086,0.127,0.044,1.266,0.254,5
60304,0.207,0.342,0.064,2.777,0.432,7
59871,-0.020,0.091,0.027,1.727,0.343,1
53334,0.124,0.178,0.045,0.533,0.143,2
60164,0.313,0.520,0.077,3.248,0.536,5
44934,0.091,0.047,0.051,-0.107,0.181,2
43855,0.152,0.296,0.055,4.898,0.493,8
43733,0.061,0.056,0.044,-0.247,0.148,5
41134,0.068,0.289,0.048,1.744,0.505,4
54741,0.083,0.275,0.049,2.444,0.390,1
57638,0.014,0.209,0.045,1.345,0.138,3
50649,0.207,0.234,0.060,0.865,0.177,8
37886,0.123,0.167,0.053,1.418,0.260,6
33942,0.482,0.494,0.086,1.287,0.279,5
50935,0.157,0.230,0.056,1.303,0.251,1
59598,0.195,0.191,0.059,0.791,0.219,8
56181,0.113,0.271,0.052,1.800,0.214,2
30592,0.012,0.120,0.040,1.238,0.262,4
35158,0.058,0.200,0.046,1.381,0.444,4
59461,0.017,0.004,0.035,0.022,0.106,5
36723,-0.101,-0.143,0.027,0.041,0.212,1
35704,0.274,0.398,0.068,1.560,0.261,3
59539,0.131,0.395,0.056,1.975,0.310,2
36487,-0.001,0.211,0.034,0.884,0.150,3
41206,0.008,0.078,0.034,1.810,0.295,8
46351,0.050,0.022,0.037,-0.191,0.152,6
45444,0.204,0.612,0.063,12.703,1.069,4
55247,-0.006,0.220,0.042,3.889,1.069,9
48024,0.090,0.285,0.047,2.975,0.634,8
38387,0.108,-0.030,0.047,-0.227,0.077,8
36629,0.098,0.348,0.043,2.639,0.437,1
42394,0.093,0.397,0.048,5.171,0.679,2
50217,0.093,0.162,0.054,0.494,0.124,6
55234,0.022,0.114,0.042,1.036,0.207,1
55206,0.206,0.599,0.071,6.598,0.671,3
57007,0.155,0.314,0.053,1.299,0.286,3
45123,0.050,0.020,0.041,0.628,0.115,3
51829,0.315,0.476,0.073,5.794,0.389,2
56240,0.120,0.139,0.050,0.916,0.255,6
58494,0.077,0.287,0.034,3.283,0.613,5
31144,0.305,0.521,0.074,4.338,0.435,1
55608,0.159,0.088,0.044,3.185,0.309,8
55823,0.203,0.378,0.065,3.483,0.525,8
40123,0.033,0.168,0.045,1.286,0.396,2
52333,0.067,0.147,0.045,1.355,0.223,1
34871,0.104,0.314,0.050,7.008,0.479,8
35738,0.173,0.328,0.059,2.870,0.479,9
46020,0.281,0.628,0.079,5.751,0.601,9
42566,0.265,0.424,0.068,2.719,0.358,10
45622,0.186,0.379,0.057,2.826,0.492,8
37963,0.203,0.404,0.070,2.567,0.352,5
34152,0.120,0.161,0.060,0.854,0.230,4
32928,0.262,0.852,0.087,32.856,0.899,10
30049,0.108,0.267,0.051,1.937,0.259,6
42642,-0.019,0.121,0.029,2.879,0.303,7
37308,-0.021,-0.326,0.026,-0.149,0.098,10
44548,-0.016,-0.027,0.034,-0.280,0.100,9
40667,0.236,0.607,0.061,5.057,1.122,5
40243,0.299,0.443,0.069,2.995,0.469,7
52586,0.250,0.015,0.069,-0.554,0.091,5
53951,0.041,-0.071,0.046,-0.383,0.099,5
59289,0.397,0.452,0.069,0.855,0.138,2
45103,0.157,0.209,0.053,0.767,0.209,3
38737,0.020,0.318,0.034,6.636,0.767,2
54149,0.023,0.085,0.038,0.906,0.371,5
36872,0.055,0.359,0.044,4.442,0.674,9
54223,0.437,0.731,0.075,7.309,0.850,2
50816,0.025,0.218,0.039,3.284,0.443,2
31789,0.210,0.159,0.068,0.265,0.115,7
37315,0.118,0.192,0.050,1.021,0.157,2
57351,0.217,0.271,0.055,1.909,0.358,5
50222,-0.034,0.042,0.021,1.294,0.278,5
42053,0.247,0.248,0.070,0.367,0.125,9
47478,0.021,0.145,0.035,1.740,0.413,10
48158,0.217,0.351,0.069,2.336,0.445,2
55232,0.204,0.295,0.064,0.904,0.200,1
50739,0.011,-0.013,0.047,0.399,0.099,6
30797,0.375,0.517,0.079,2.107,0.470,8
55569,0.085,0.218,0.050,2.066,0.336,8
33702,0.137,0.202,0.048,0.072,0.114,10
54843,0.167,0.145,0.064,-0.189,0.093,4
41436,0.198,0.365,0.067,2.734,0.347,6
42120,0.201,0.579,0.063,5.945,0.738,1
43575,0.166,0.155,0.059,0.721,0.125,10
58312,0.310,0.507,0.073,3.786,0.436,7
36308,0.032,0.001,0.040,0.357,0.256,7
57437,0.211,0.247,0.066,1.631,0.445,3
42962,0.164,0.176,0.057,0.912,0.180,7
54420,0.256,0.282,0.070,0.820,0.265,2
57637,0.037,0.243,0.037,2.719,0.411,5
38382,-0.020,-0.126,0.025,0.353,0.112,8
56640,-0.095,0.127,0.025,0.968,0.279,6
59601,0.102,0.328,0.054,2.093,0.395,6
59809,0.187,0.138,0.060,-0.213,0.140,4
44533,-0.039,-0.391,0.010,-0.338,0.097,2
43820,0.155,0.160,0.053,0.416,0.091,6
52748,0.168,0.216,0.054,1.064,0.222,5
49064,0.011,0.093,0.046,0.929,0.206,2
54125,0.319,0.523,0.075,3.889,0.397,8
40379,-0.028,0.323,0.036,3.798,0.593,8
35059,-0.060,-0.198,0.003,-0.082,0.114,6
55501,0.072,0.476,0.043,6.331,0.990,6
48680,0.254,0.543,0.079,2.880,0.616,3
50753,0.095,0.117,0.042,0.913,0.178,9
45418,0.158,0.263,0.054,4.105,0.621,3
57282,0.144,0.053,0.052,0.802,0.125,2
58050,0.022,-0.128,0.043,-0.408,0.073,4
51403,0.067,0.233,0.045,1.112,0.288,8
30688,0.338,0.458,0.075,3.049,0.220,7
34688,0.024,0.055,0.033,1.021,0.216,9
42013,0.277,0.439,0.064,1.903,0.489,4
51124,0.335,0.608,0.073,3.565,0.480,5
32649,0.242,0.359,0.068,1.633,0.267,6
33122,0.095,0.116,0.052,0.552,0.136,2
47456,0.273,0.369,0.073,1.457,0.284,2
52645,-0.035,0.180,0.029,2.273,0.498,5
56464,0.538,0.474,0.117,1.496,0.126,7
53296,0.352,0.564,0.080,4.004,0.528,8
39936,0.171,0.418,0.062,3.234,0.355,2
46011,0.296,0.360,0.082,0.925,0.148,2
59714,0.035,-0.717,0.032,-0.577,0.036,9
58066,0.015,0.269,0.040,2.913,0.502,2
57857,-0.091,-0.500,0.021,-0.323,0.083,9
52328,0.031,0.574,0.072,6.482,1.002,8
54751,0.084,0.124,0.051,-0.154,0.102,7
58142,0.248,0.258,0.070,0.680,0.231,7
44421,-0.044,0.089,0.027,1.003,0.360,7
55798,0.075,-0.052,0.041,-0.020,0.101,10
33620,0.096,0.178,0.052,1.416,0.172,3
36516,0.239,0.424,0.061,1.536,0.502,9
38179,-0.054,0.042,0.021,1.302,0.244,5
50595,0.130,0.242,0.052,1.727,0.344,5
41286,-0.061,0.056,0.024,1.263,0.371,8
48478,0.018,0.180,0.043,3.886,0.428,2
41042,0.013,0.098,0.038,1.309,0.314,8
44774,0.050,0.327,0.047,2.729,0.530,4
34517,0.277,0.690,0.066,18.889,1.073,2
42387,0.132,0.265,0.055,1.286,0.419,6
30229,0.072,0.113,0.046,0.025,0.105,1
38826,0.076,0.141,0.044,1.518,0.290,2
50170,0.272,0.413,0.068,1.641,0.238,9
52248,0.130,0.230,0.057,1.062,0.212,3
37220,-0.044,0.081,0.022,1.436,0.265,6
32306,0.004,0.063,0.041,1.013,0.246,6
54170,0.383,0.298,0.084,1.398,0.244,6
39969,0.013,0.038,0.035,0.800,0.254,4
48715,0.006,0.021,0.037,0.961,0.244,2
42843,0.326,0.591,0.079,4.006,0.579,1
60315,-0.501,-1.251,-0.048,-0.515,0.078,10
53599,0.164,0.096,0.059,0.541,0.110,10
55528,0.111,0.173,0.051,0.821,0.306,2
52478,0.031,0.114,0.042,3.320,0.621,6
42192,0.228,0.408,0.067,3.997,0.411,5
30242,0.322,0.330,0.072,1.470,0.132,4
57432,0.361,0.404,0.072,1.871,0.288,7
42915,-0.017,0.019,0.031,0.988,0.448,6
30005,0.056,0.208,0.042,1.445,0.207,9
44927,-0.041,0.035,0.030,0.125,0.264,8
34564,0.577,1.223,0.148,79.840,1.828,6
35986,-0.050,-0.102,0.023,0.831,0.261,6
56701,0.239,0.269,0.060,1.275,0.261,10
44029,0.011,0.055,0.034,0.972,0.276,7
59734,0.069,0.142,0.041,0.335,0.204,3
33536,0.046,-0.080,0.045,-0.054,0.090,7
32785,0.126,0.245,0.061,0.677,0.168,7
37987,0.101,0.108,0.051,0.673,0.226,7
41217,0.202,0.200,0.054,0.555,0.173,1
58321,0.210,0.314,0.059,1.500,0.269,10
59902,0.265,0.256,0.065,1.198,0.195,5
31958,0.244,0.403,0.080,2.600,0.198,7
57392,-0.076,-0.050,0.018,0.304,0.316,2
54679,0.170,0.434,0.059,3.853,0.573,5
38595,0.091,0.192,0.049,1.272,0.213,9
45685,0.276,0.400,0.072,1.313,0.253,8
31996,-0.176,-0.202,-0.009,0.333,0.125,7
43612,-0.054,0.074,0.016,3.211,0.455,1
39165,0.115,0.271,0.051,1.384,0.234,1
45733,-0.087,-0.378,0.026,-0.237,0.086,10
45683,0.038,0.196,0.042,1.513,0.128,10
30176,-0.015,-0.114,0.027,0.420,0.180,2
58646,0.335,0.455,0.073,2.885,0.329,8
51635,0.141,0.379,0.048,3.599,0.467,9
34887,-0.086,-0.095,0.007,0.987,0.339,4
46881,0.346,0.546,0.077,4.599,0.869,2
55455,0.274,0.496,0.070,3.369,0.354,3
43401,0.589,0.847,0.115,6.281,0.451,1
41997,0.222,0.388,0.046,1.725,0.656,10
36501,0.388,0.375,0.092,1.288,0.137,10
58173,0.015,0.086,0.032,0.660,0.173,5
31863,0.389,0.572,0.090,2.639,0.362,9
50480,-0.053,-0.029,0.019,1.315,0.190,1
56162,0.759,1.346,0.115,55.021,2.427,2
48279,0.130,0.216,0.069,1.843,0.293,3
39795,0.447,0.640,0.089,1.454,0.379,8
35490,0.053,0.126,0.048,0.050,0.119,9
58863,0.189,0.217,0.053,0.198,0.231,4
34354,0.165,0.378,0.049,2.360,0.552,7
37343,0.064,0.107,0.038,1.450,0.245,10
52417,0.070,0.266,0.047,2.460,0.350,10
43822,0.306,0.378,0.078,4.066,0.214,5
48554,0.371,0.413,0.071,1.373,0.324,1
48400,0.129,0.237,0.049,1.363,0.177,5
46785,-0.035,-0.268,0.031,-0.496,0.076,4
55662,0.139,0.229,0.062,1.153,0.230,2
30793,0.184,0.326,0.051,2.678,0.342,1
37528,0.223,0.225,0.061,0.569,0.229,1
31116,0.176,0.119,0.066,0.704,0.100,4
44792,0.252,0.481,0.070,1.579,0.314,9
31742,0.051,0.082,0.044,0.503,0.132,8
33487,0.524,0.571,0.107,1.677,0.224,3
32755,0.067,0.172,0.049,0.486,0.166,10
34849,0.322,0.552,0.067,4.549,0.662,9
30815,0.040,0.143,0.049,0.536,0.173,8
37390,0.035,0.197,0.038,1.435,0.515,3
36330,0.241,0.331,0.073,0.892,0.288,8
37855,0.046,0.174,0.048,2.027,0.219,9
39378,0.329,0.345,0.081,1.365,0.213,7
41023,0.131,0.366,0.052,3.947,0.345,6
39221,0.192,0.173,0.062,0.960,0.197,6
34304,0.086,0.266,0.048,2.693,0.371,6
58638,0.031,-0.687,0.041,-0.564,0.045,9
37726,0.318,0.340,0.067,3.319,0.422,7
42065,0.207,0.618,0.065,5.052,0.512,9
58157,-0.007,0.289,0.024,6.749,2.038,5
59069,-0.013,0.057,0.037,0.488,0.189,1
42398,0.066,0.112,0.044,1.078,0.250,9
32540,0.244,0.270,0.071,1.591,0.347,3
44274,0.103,0.048,0.057,-0.058,0.095,2
42008,0.215,0.221,0.070,1.551,0.187,6
60419,0.050,0.086,0.043,0.465,0.175,10
51749,0.474,0.245,0.098,-0.387,0.063,1
50591,0.510,0.805,0.104,6.651,0.412,2
60396,0.207,0.327,0.061,0.959,0.205,3
55327,0.066,0.117,0.054,0.926,0.192,5
44700,0.176,0.248,0.055,1.474,0.297,6
48701,0.008,-0.163,0.034,-0.367,0.097,9
33089,-0.197,-0.033,-0.023,1.989,0.483,3
34924,0.079,0.175,0.047,1.255,0.263,8
32822,0.339,0.372,0.080,4.118,0.316,5
60237,0.015,0.096,0.030,1.820,0.299,9
34397,0.487,0.673,0.098,2.792,0.290,3
39880,0.152,0.152,0.055,1.000,0.266,10
59323,0.172,0.355,0.058,2.123,0.302,10
34539,0.157,0.178,0.062,1.477,0.216,8
59672,0.195,0.359,0.057,2.590,0.342,6
55046,-0.041,-0.003,0.025,0.084,0.140,4
32843,0.285,0.341,0.079,1.476,0.249,6
50756,0.137,0.227,0.060,0.465,0.132,8
41788,0.273,0.153,0.074,0.116,0.078,4
32841,0.207,0.193,0.059,0.463,0.187,1
40778,0.126,0.224,0.053,0.876,0.214,8
60515,0.016,0.200,0.037,1.809,0.448,9
51367,0.174,0.185,0.051,1.187,0.289,10
39645,0.261,0.442,0.061,1.690,0.247,5
31796,0.032,0.054,0.035,0.817,0.311,7
55656,0.292,0.356,0.066,2.499,0.313,4
59535,-0.047,-0.225,0.036,-0.257,0.099,9
57738,0.239,0.298,0.062,1.547,0.226,1
30822,0.175,0.270,0.056,1.155,0.185,8
33308,0.579,0.763,0.117,1.697,0.295,3
31404,0.242,0.426,0.063,2.774,0.371,9
54163,0.275,0.211,0.066,0.332,0.132,7
41421,-0.131,-0.891,-0.007,-0.524,0.100,5
42941,0.306,0.430,0.070,2.352,0.404,5
45528,0.187,0.271,0.065,0.698,0.175,8
53103,0.408,0.553,0.088,0.183,0.160,1
33372,-0.302,-0.189,-0.023,0.625,0.351,6
54745,0.139,0.213,0.046,0.925,0.201,2
32560,0.020,0.029,0.037,-0.048,0.139,6
47022,0.096,0.067,0.045,0.020,0.102,2
59167,0.093,0.174,0.050,1.167,0.267,2
40240,-0.052,0.025,0.011,-0.073,0.222,9
32157,0.000,0.214,0.023,2.871,0.914,10
45806,0.408,0.300,0.101,0.471,0.076,9
33634,0.167,0.295,0.064,1.731,0.309,10
43985,0.402,0.172,0.089,-0.256,0.107,3
45644,-0.044,-0.034,0.021,0.733,0.247,4
32963,0.143,0.128,0.057,0.032,0.096,2
38714,0.249,0.464,0.069,3.297,0.440,5
39270,0.199,0.199,0.062,1.177,0.166,4
44407,0.026,0.161,0.038,1.648,0.328,2
31012,-0.065,-0.130,0.019,0.234,0.160,9
51205,0.266,0.532,0.073,3.017,0.321,3
53002,0.161,0.158,0.060,0.527,0.161,5
51519,-0.132,-0.877,0.017,-0.372,0.075,9
54319,0.094,0.351,0.051,2.616,0.362,8
44440,0.027,0.063,0.035,0.782,0.164,2
54320,0.108,0.061,0.050,0.953,0.161,3
48230,0.191,0.401,0.059,4.484,0.501,7
46912,0.161,0.410,0.053,3.926,0.574,6
58710,0.063,0.146,0.037,1.052,0.225,8
40433,0.226,0.528,0.072,4.097,0.366,10
53494,0.200,0.420,0.068,2.864,0.463,4
57209,0.528,0.692,0.098,5.059,0.525,7
43166,0.045,0.121,0.041,0.758,0.199,7
55592,0.108,0.157,0.040,2.990,0.433,7
54414,0.252,0.538,0.070,3.322,0.269,1
45009,0.039,0.134,0.040,1.379,0.368,10
38928,0.163,0.376,0.056,1.731,0.277,3
34469,-0.069,-0.136,0.022,0.149,0.164,2
41176,-0.049,-0.122,0.025,0.636,0.275,5
50592,0.111,0.142,0.057,1.168,0.218,7
42290,0.136,0.345,0.048,1.267,0.366,10
45642,0.530,0.551,0.114,0.343,0.165,3
31017,0.195,0.276,0.066,1.562,0.473,7
31344,0.297,0.516,0.070,4.109,0.536,5
33800,0.189,0.029,0.051,-0.342,0.113,8
46979,0.335,0.393,0.087,2.523,0.281,1
44630,0.318,0.455,0.070,2.083,0.313,6
42210,0.356,0.248,0.093,-0.299,0.085,5
46530,0.272,0.353,0.066,3.789,0.407,10
31374,0.156,0.285,0.057,2.030,0.591,4
37607,0.358,0.665,0.098,2.460,0.364,3
33954,0.155,0.291,0.061,2.362,0.291,4
59483,0.084,0.227,0.046,1.585,0.304,9
32233,-0.019,-0.003,0.036,-0.046,0.076,8
49973,0.226,0.306,0.063,0.825,0.220,5
40442,-0.051,-0.375,0.023,-0.481,0.105,6
54651,0.293,0.312,0.070,1.785,0.300,1
49635,0.092,0.219,0.051,0.903,0.212,3
32984,0.334,0.460,0.069,3.094,0.482,7
44841,0.087,0.282,0.043,3.439,0.523,4
54891,0.614,0.776,0.119,3.328,0.324,8
30843,0.224,0.313,0.061,1.355,0.221,5
40640,0.048,0.029,0.039,0.414,0.156,4
57073,-0.044,0.030,0.024,0.702,0.272,4
33825,0.087,0.279,0.043,1.800,0.340,5
42955,0.330,0.395,0.071,2.448,0.359,1
54943,0.182,0.314,0.059,1.016,0.277,5
35053,0.093,0.038,0.046,-0.216,0.182,9
34799,0.093,0.076,0.050,0.205,0.155,3
35316,0.200,0.277,0.071,-0.294,0.169,4
41967,0.094,0.078,0.049,-0.196,0.095,9
53067,0.064,-0.043,0.048,-0.013,0.083,9
57926,-0.040,-0.067,0.026,-0.136,0.129,10
53179,0.285,0.446,0.061,1.640,0.482,3
60659,0.302,0.119,0.067,0.317,0.105,1
46736,0.017,0.110,0.043,0.304,0.174,9
40230,-0.307,-0.249,-0.053,0.023,0.295,10
59765,0.040,0.201,0.040,1.276,0.244,3
39563,0.074,0.058,0.039,0.645,0.311,6
37858,0.236,0.607,0.067,5.483,0.729,1
46675,-0.079,-0.785,0.016,-0.543,0.059,2
56101,-0.012,0.033,0.021,0.658,0.253,7
35168,0.309,0.392,0.075,0.132,0.127,8
53971,0.068,0.106,0.046,0.805,0.131,10
38408,0.338,0.470,0.082,1.807,0.334,3
35733,0.314,0.417,0.077,2.167,0.427,6
34255,0.222,0.264,0.059,2.233,0.347,5
53996,0.020,-0.309,0.042,-0.560,0.057,5
47645,-0.018,-0.288,0.021,0.897,0.358,10
54846,-0.231,-0.185,-0.015,0.547,0.462,2
52819,0.127,0.334,0.053,1.618,0.258,9
47661,0.095,0.346,0.051,3.282,0.605,4
46567,0.300,0.315,0.064,1.099,0.287,4
58640,0.089,0.043,0.051,-0.158,0.126,5
59377,0.192,0.325,0.064,1.175,0.187,7
47121,0.059,0.263,0.042,1.614,0.410,9
38584,0.008,0.081,0.031,0.024,0.165,2
42436,-0.078,-0.413,0.023,-0.353,0.078,9
34433,-0.039,0.019,0.027,1.438,0.266,10
50463,-0.020,-0.101,0.031,0.084,0.176,3
53717,0.081,0.145,0.043,1.393,0.346,7
30354,0.701,1.276,0.158,9.454,0.733,5
50042,0.418,0.304,0.088,-0.294,0.096,6
33056,0.415,0.518,0.090,2.671,0.349,2
54038,0.084,0.142,0.049,0.635,0.201,2
40084,0.300,0.427,0.071,4.112,0.415,2
44695,0.139,0.368,0.050,1.964,0.425,7
37279,-0.122,-0.195,0.000,-0.077,0.074,6
38570,0.075,0.247,0.047,2.293,0.237,8
47155,0.055,0.192,0.043,1.960,0.312,2
48653,-0.053,-0.311,0.014,-0.045,0.119,10
35742,-0.063,0.022,0.017,0.715,0.377,1
33309,0.195,0.354,0.059,2.458,0.346,2
36575,0.137,0.062,0.060,-0.444,0.121,10
47999,0.051,0.126,0.037,1.650,0.308,6
37861,-0.073,0.065,0.006,1.391,0.217,6
40120,0.102,0.084,0.050,-0.218,0.187,3
39344,0.241,0.238,0.061,1.269,0.273,9
42897,0.479,0.580,0.100,2.794,0.346,1
46248,0.142,0.149,0.056,-0.121,0.100,9
31039,0.301,0.349,0.070,1.099,0.130,4
43035,0.190,0.262,0.059,1.567,0.309,9
52188,0.012,0.073,0.031,1.673,0.248,1
58065,0.511,0.844,0.099,3.913,0.319,6
52521,0.136,0.098,0.046,0.734,0.200,3
46551,0.215,0.271,0.075,0.886,0.059,1
32608,0.328,0.502,0.073,2.410,0.384,6
57560,0.070,-0.037,0.046,0.553,0.104,1
58590,0.456,0.358,0.118,0.283,0.113,3
60107,0.206,0.193,0.061,0.986,0.171,5
39283,0.300,0.659,0.068,20.936,0.882,10
49472,0.331,0.529,0.077,5.883,0.554,8
36109,-0.043,-0.037,0.020,0.642,0.309,8
58390,0.019,0.349,0.036,3.056,0.534,6
42580,0.016,-0.007,0.036,0.724,0.116,8
50789,0.110,0.252,0.049,1.336,0.274,2
49810,-0.050,-0.070,0.016,0.394,0.181,1
60245,0.045,0.247,0.039,0.658,0.245,9
55882,0.070,0.102,0.049,0.421,0.182,9
55743,0.335,0.717,0.081,6.551,0.577,4
32950,-0.022,-0.030,0.029,0.280,0.137,4
53146,0.364,0.757,0.080,11.014,1.909,2
37995,0.154,0.119,0.054,-0.081,0.113,6
35232,0.208,0.437,0.054,1.734,0.353,10
39016,-0.157,-0.480,-0.006,-0.284,0.192,3
51489,0.081,0.130,0.050,0.712,0.179,2
49136,0.305,0.522,0.073,5.528,0.389,6
45242,0.153,0.099,0.061,0.012,0.085,5
42591,0.094,-0.016,0.044,-0.409,0.090,4
45319,0.231,0.282,0.064,1.564,0.214,7
54623,-0.024,-0.014,0.034,0.787,0.161,5
43231,-0.083,-0.127,0.010,0.720,0.235,9
35530,-0.034,0.073,0.024,2.281,0.511,2
56222,0.367,0.443,0.075,3.307,0.407,9
57002,0.218,0.393,0.060,6.239,0.586,4
54825,0.285,0.415,0.072,1.672,0.404,3
49826,0.666,0.985,0.150,8.508,0.573,8
50193,0.247,0.359,0.060,2.695,0.424,5
42930,0.090,0.127,0.047,0.849,0.144,9
41236,0.122,0.434,0.051,1.712,0.439,3
54807,0.063,0.141,0.045,1.188,0.220,5
32778,0.064,0.165,0.047,0.604,0.183,9
30923,0.132,0.078,0.050,0.056,0.158,10
56650,0.354,0.715,0.071,2.483,0.654,9
55496,0.107,0.126,0.046,0.399,0.127,9
55217,0.341,0.355,0.072,3.888,0.289,5
30358,0.454,0.587,0.091,2.619,0.484,4
39800,0.173,0.254,0.053,2.585,0.308,5
56994,0.097,0.216,0.043,2.652,0.410,6
57079,-0.059,0.078,0.019,2.702,0.267,10
39662,0.272,0.540,0.053,10.534,0.852,2
44218,0.455,0.529,0.091,1.408,0.292,2
49228,0.122,0.030,0.052,-0.218,0.103,9
45634,0.249,0.427,0.070,3.260,0.352,2
37326,0.300,0.578,0.072,7.707,0.446,9
39163,0.264,0.555,0.069,4.582,0.643,6
33898,0.307,0.564,0.070,4.865,0.749,3
59026,0.124,0.212,0.051,1.543,0.230,6
41990,0.061,0.308,0.045,2.359,0.365,6
33837,0.274,0.481,0.061,3.718,0.513,8
58965,0.331,0.354,0.078,1.156,0.139,2
38003,0.371,0.432,0.077,1.702,0.208,3
52879,0.195,0.408,0.061,2.140,0.358,7
31167,-0.080,-0.226,0.018,-0.262,0.094,7
57383,0.093,0.006,0.043,0.603,0.193,10
52654,0.073,0.288,0.037,2.871,0.574,8
35694,-0.147,-0.209,-0.004,1.042,0.345,7
40559,0.133,0.301,0.059,1.550,0.280,5
43919,0.210,0.225,0.065,0.961,0.206,9
32147,0.024,0.247,0.040,2.348,0.302,5
55993,0.069,0.037,0.044,-0.123,0.096,7
40623,-0.073,-0.326,0.030,-0.211,0.082,9
59239,0.110,0.013,0.051,0.416,0.126,1
41312,0.053,0.285,0.038,1.992,0.498,8
51078,0.021,-0.011,0.024,0.478,0.187,5
32602,0.472,0.775,0.081,4.792,0.361,7
37753,0.416,0.537,0.083,3.953,0.670,6
39713,-0.111,-0.535,0.005,-0.173,0.091,6
46689,0.313,0.501,0.068,3.293,0.317,9
42585,0.169,0.317,0.067,1.539,0.326,8
46756,0.053,0.147,0.045,0.860,0.225,2
43313,0.346,0.427,0.080,1.416,0.140,7
53966,0.207,0.268,0.064,1.359,0.210,8
39048,0.114,0.073,0.054,-0.414,0.096,3
54604,0.211,0.286,0.058,1.543,0.092,2
36986,0.032,0.143,0.038,1.184,0.237,4
39591,0.298,0.304,0.075,0.521,0.160,1
59178,0.201,0.392,0.056,1.840,0.329,5
30369,0.856,1.245,0.238,13.370,0.372,1
30353,0.035,0.169,0.038,2.411,0.317,2
59722,0.135,0.220,0.052,1.016,0.199,4
31457,-0.219,-0.707,-0.029,0.464,0.128,4
34763,0.023,0.022,0.049,-0.126,0.174,4
39078,0.018,0.123,0.036,1.091,0.217,10
59290,0.038,0.405,0.055,4.180,0.384,5
46183,0.010,-0.084,0.036,-0.524,0.072,4
42902,0.073,0.287,0.043,1.724,0.237,4
39308,-0.050,-0.172,0.012,-0.257,0.204,9
54433,0.040,0.114,0.032,1.652,0.305,4
30394,0.430,0.680,0.086,3.508,0.419,5
38008,0.161,0.104,0.063,0.887,0.209,9
38165,0.264,0.329,0.068,1.910,0.291,5
59841,0.163,0.162,0.064,0.481,0.185,8
44595,-0.047,-0.025,0.025,0.261,0.293,1
56068,0.235,0.271,0.064,1.591,0.246,1
34303,0.344,0.378,0.086,0.709,0.150,2
36066,0.199,0.248,0.057,1.858,0.235,4
53195,0.308,0.429,0.080,2.810,0.328,10
59954,0.141,0.245,0.054,1.244,0.294,9
43379,0.040,0.247,0.044,2.309,0.571,6
37826,0.067,0.149,0.046,0.186,0.179,10
34291,0.235,0.170,0.057,0.298,0.098,9
38961,0.227,0.296,0.060,1.404,0.355,5
45000,0.062,0.264,0.047,1.538,0.322,4
33628,-0.012,0.068,0.048,0.112,0.161,6
51057,0.032,0.015,0.042,0.758,0.288,7
42518,0.581,0.934,0.120,9.468,0.555,10
40348,0.109,-0.008,0.059,-0.340,0.079,8
60383,0.245,0.205,0.064,1.271,0.168,3
39643,0.004,0.129,0.044,2.128,0.313,6
60634,0.109,-0.148,0.044,-0.557,0.070,5
46281,0.040,0.100,0.033,2.510,0.321,3
56444,0.219,0.257,0.054,2.560,0.424,7
39072,0.101,-0.028,0.039,-0.216,0.090,10
60323,0.432,0.870,0.088,7.927,0.727,4
34203,0.113,0.430,0.051,4.386,0.802,6
36276,0.086,0.192,0.046,1.153,0.271,6
52870,0.056,0.072,0.038,0.891,0.217,6
50526,0.498,0.512,0.094,0.807,0.158,9
39638,0.198,0.310,0.066,2.202,0.329,4
33750,0.043,0.252,0.041,1.571,0.317,3
36994,0.288,0.160,0.068,0.947,0.119,1
34507,0.055,0.275,0.040,2.988,0.413,3
33951,0.107,0.239,0.039,1.273,0.231,4
45762,0.100,0.235,0.052,0.277,0.231,8
50378,0.108,0.194,0.045,2.317,0.444,3
58091,0.481,0.343,0.111,1.169,0.192,4
53267,0.197,0.305,0.061,1.465,0.263,8
38447,-0.179,-0.687,0.001,-0.491,0.094,4
53122,-0.012,-0.154,0.036,-0.225,0.093,3
50760,0.177,-0.066,0.056,-0.408,0.074,8
42808,0.070,0.199,0.049,1.089,0.275,4
46958,0.173,0.437,0.048,4.346,0.846,6
35245,0.363,0.472,0.077,1.292,0.205,2
52647,0.304,0.435,0.064,2.192,0.447,5
59477,0.090,0.194,0.050,1.073,0.230,6
46555,0.159,0.333,0.061,1.809,0.235,8
36628,0.241,0.253,0.053,1.458,0.270,1
59431,0.126,0.164,0.057,0.465,0.138,5
58814,0.050,0.086,0.039,1.370,0.216,4
35866,0.411,0.625,0.086,3.590,0.409,5
47147,-0.016,-0.376,0.029,-0.489,0.067,1
58829,-0.094,0.124,0.016,3.221,0.639,9
39249,0.088,0.120,0.051,0.276,0.118,1
31613,0.005,0.224,0.044,1.767,0.350,3
54936,0.267,0.491,0.075,0.662,0.256,2
52973,-0.068,-0.123,0.017,0.239,0.183,9
57069,0.314,0.477,0.077,3.936,0.385,7
49699,0.013,0.073,0.030,2.546,0.377,6
49369,0.547,0.996,0.107,9.154,0.594,10
32976,0.167,0.254,0.057,1.210,0.264,5
47613,0.079,0.081,0.042,0.625,0.128,8
36067,-0.085,0.008,0.018,0.333,0.165,6
46461,0.149,0.174,0.060,0.927,0.172,6
32064,0.098,0.291,0.045,1.668,0.369,2
59581,0.343,0.308,0.074,0.953,0.151,8
45269,0.109,0.345,0.057,1.134,0.338,5
38729,-0.081,0.184,0.011,2.749,0.682,9
46480,0.293,0.455,0.076,3.282,0.338,1
55510,0.194,0.226,0.052,0.980,0.246,7
59035,0.133,0.108,0.052,0.748,0.186,8
47588,-0.032,-0.190,0.015,-0.254,0.282,4
38443,0.110,-0.379,0.076,-0.531,0.066,6
53000,0.345,0.532,0.079,4.028,0.585,4
56516,0.208,0.227,0.060,0.940,0.204,2
50659,0.178,0.336,0.067,1.308,0.238,4
36999,0.157,0.374,0.063,2.615,0.334,7
44762,0.011,0.185,0.029,1.482,0.295,2
56146,0.236,0.197,0.060,0.850,0.092,8
32982,0.519,0.323,0.093,0.206,0.158,9
45669,0.122,0.394,0.049,3.188,0.478,1
50675,0.000,0.086,0.034,0.864,0.279,9
43921,-0.076,-0.132,0.019,-0.465,0.173,7
36127,-0.134,-0.562,0.007,-0.219,0.144,8
43844,0.051,0.416,0.047,6.108,0.564,6
39105,0.071,0.220,0.045,1.757,0.321,7
59301,0.188,0.380,0.057,1.841,0.250,9
48324,0.168,0.277,0.053,1.279,0.296,8
53030,0.214,0.276,0.057,2.017,0.392,5
44314,0.069,0.323,0.062,2.531,0.384,3
49371,0.198,0.178,0.061,0.042,0.197,4
30336,0.085,0.146,0.039,0.219,0.107,9
58736,0.065,0.172,0.040,2.188,0.295,3
57762,0.013,0.078,0.029,0.711,0.174,5
57237,0.375,0.176,0.073,0.366,0.111,8
41807,0.153,0.408,0.061,1.791,0.351,2
48883,0.034,0.128,0.037,2.040,0.265,9
57138,0.437,0.642,0.091,4.175,0.498,2
44791,0.229,0.441,0.055,4.578,0.493,3
37497,0.144,0.478,0.047,4.196,1.098,9
56993,0.142,0.242,0.044,1.796,0.337,4
41287,0.444,0.677,0.084,5.627,0.635,5
52113,0.022,0.124,0.031,0.968,0.145,8
30438,0.305,0.438,0.071,4.696,0.367,7
48500,0.454,0.714,0.083,7.342,0.466,2
55214,0.116,0.212,0.053,1.362,0.176,2
48162,0.403,0.632,0.081,3.628,0.358,10
53682,0.002,-0.002,0.052,0.575,0.172,9
44488,0.037,0.220,0.041,2.843,0.408,3
53989,0.045,0.121,0.037,1.546,0.429,10
32660,0.232,0.229,0.064,1.219,0.122,5
41695,0.004,0.011,0.034,0.350,0.197,3
40662,0.136,0.255,0.057,1.251,0.218,4
46539,-0.064,-0.046,0.020,0.898,0.236,7
51926,-0.015,0.077,0.029,1.541,0.300,5
39798,0.300,0.413,0.074,2.145,0.350,5
55924,0.314,0.437,0.068,1.482,0.286,2
50988,0.227,0.333,0.070,1.405,0.197,9
39263,0.487,0.627,0.096,1.612,0.123,4
40721,0.248,0.422,0.068,1.658,0.230,7
40201,0.554,0.493,0.117,0.604,0.185,6
60519,0.149,0.105,0.053,0.279,0.153,1
49821,0.468,0.741,0.111,7.966,0.641,1
60339,0.325,0.704,0.075,9.745,0.732,9
56356,0.273,0.369,0.070,1.644,0.339,2
33138,0.309,0.291,0.066,0.694,0.175,8
48126,-0.061,-0.044,0.020,0.719,0.318,1
56641,0.019,-0.118,0.041,-0.298,0.106,3
34785,0.014,0.223,0.034,2.766,0.339,3
41255,0.250,0.198,0.074,-0.224,0.089,2
47931,0.064,0.086,0.045,1.711,0.733,5
33041,0.094,0.262,0.041,1.923,0.269,1
31926,0.018,0.565,0.038,5.927,0.561,2
52796,0.084,0.053,0.048,0.840,0.113,4
54374,-0.022,0.009,0.035,-0.408,0.105,7
49223,0.224,0.276,0.064,1.505,0.274,7
34183,0.363,0.478,0.085,1.444,0.218,1
31394,0.410,0.864,0.081,25.391,1.619,2
37177,0.554,0.694,0.118,4.265,0.413,10
54304,-0.037,0.160,0.029,2.723,0.516,9
57464,0.008,0.070,0.028,1.298,0.280,2
38185,-0.047,-0.144,0.023,0.122,0.168,9
58883,-0.074,-0.135,0.016,-0.001,0.136,7
42630,0.152,0.218,0.060,1.133,0.250,1
50470,0.103,0.026,0.056,-0.449,0.094,7
55211,0.019,0.058,0.040,0.379,0.157,10
52425,0.117,0.180,0.047,0.740,0.257,4
33588,-0.003,0.033,0.039,0.902,0.158,3
39573,-0.049,0.110,0.021,1.149,0.269,3
58606,0.259,0.570,0.068,7.784,0.855,6
56719,-0.017,0.017,0.033,0.499,0.179,6
47586,0.386,0.552,0.088,2.117,0.443,6
44646,0.190,0.381,0.065,3.045,0.369,3
46256,0.135,-0.068,0.047,0.338,0.178,8
48975,-0.017,0.044,0.023,1.590,0.287,8
56975,0.009,0.225,0.034,2.103,0.428,7
46202,-0.059,0.056,0.016,1.285,0.223,10
59394,0.556,0.664,0.103,4.769,0.444,8
48280,0.133,-0.078,0.051,-0.433,0.077,9
41958,0.059,0.109,0.039,1.106,0.267,3
46900,-0.100,-0.280,0.016,-0.113,0.138,1
53748,0.365,0.767,0.052,14.470,1.331,4
58213,0.173,0.437,0.058,4.416,0.825,1
43348,0.018,0.132,0.039,0.619,0.249,5
33230,0.021,0.034,0.033,-0.034,0.100,3
39893,0.091,0.151,0.044,1.248,0.176,2
60481,-0.004,-0.180,0.024,0.791,0.163,6
53688,0.126,0.129,0.051,0.696,0.200,7
53588,-0.039,0.021,0.019,1.273,0.255,1
47212,0.039,0.396,0.044,16.416,1.087,7
41701,0.073,0.250,0.049,2.312,0.301,1
42141,0.430,0.481,0.100,0.048,0.155,8
43220,0.096,0.290,0.052,1.833,0.392,4
35019,0.107,0.213,0.040,1.994,0.416,7
35043,0.299,0.259,0.073,0.384,0.274,1
38654,0.022,0.340,0.043,3.405,0.584,1
43848,0.020,0.036,0.037,0.287,0.156,9
36823,-0.008,0.200,0.047,0.994,0.487,5
54742,0.372,0.431,0.095,1.599,0.251,9
43823,0.230,0.246,0.071,0.480,0.199,8
50316,0.051,0.171,0.038,1.294,0.289,10
56233,0.136,0.272,0.067,1.443,0.285,5
53525,0.293,0.573,0.069,4.611,0.569,9
50310,0.207,0.287,0.060,2.796,0.559,7
57694,0.584,0.699,0.117,2.734,0.151,3
45072,0.069,0.207,0.047,2.707,0.521,4
52383,0.369,0.509,0.068,1.723,0.365,7
52187,-0.492,-0.668,-0.105,1.619,0.471,9
42603,0.206,0.503,0.054,4.818,0.570,8
55263,0.003,0.147,0.033,0.830,0.248,4
34699,0.211,0.195,0.058,0.376,0.159,1
30853,-0.066,-0.498,0.020,-0.406,0.102,4
41212,0.105,0.303,0.052,2.530,0.287,4
40509,0.208,0.263,0.064,0.200,0.202,6
35261,-0.107,-0.129,0.005,0.296,0.190,1
42401,-0.009,0.271,0.032,3.025,0.506,10
49850,0.090,0.201,0.056,0.362,0.264,2
46768,-0.021,-0.104,0.029,-0.138,0.095,4
60657,0.103,0.410,0.046,1.059,0.438,4
34653,-0.048,-0.024,0.024,0.806,0.262,7
39553,0.193,0.130,0.057,0.042,0.133,5
40425,0.439,0.860,0.099,8.337,0.998,9
50833,0.179,0.200,0.061,0.354,0.158,2
55278,0.261,0.373,0.059,2.289,0.300,1
59186,0.147,0.217,0.050,1.484,0.232,10
47517,0.083,0.052,0.050,-0.174,0.112,1
52838,-0.068,-0.389,0.017,-0.494,0.097,5
31072,0.384,0.620,0.074,3.576,0.844,2
53069,0.539,0.663,0.099,5.076,0.573,5
43549,0.180,0.493,0.059,3.819,0.378,8
47985,0.250,0.352,0.072,2.030,0.217,9
31714,0.094,0.108,0.053,0.218,0.175,2
43393,0.144,0.275,0.062,1.456,0.223,1
45175,0.300,0.228,0.058,0.756,0.217,2
49756,0.054,0.078,0.044,0.832,0.175,8
51730,0.245,-0.003,0.049,-0.083,0.098,4
46301,0.143,0.311,0.048,1.831,0.347,3
35336,-0.033,0.008,0.028,0.084,0.139,1
48423,0.384,0.256,0.087,0.505,0.102,10
51281,0.034,0.135,0.040,2.199,0.308,6
41271,0.132,0.225,0.054,1.397,0.303,1
58259,0.706,0.994,0.148,3.928,0.186,10
47045,0.218,0.229,0.063,1.150,0.293,1
47738,0.071,0.218,0.045,1.660,0.342,5
47052,0.121,0.171,0.060,2.015,0.094,10
37453,0.002,0.111,0.034,0.126,0.229,8
30226,0.107,0.192,0.049,1.072,0.268,5
48886,0.030,-0.001,0.035,0.595,0.158,1
34060,0.189,0.191,0.062,0.880,0.125,10
44553,0.205,0.280,0.065,1.504,0.253,6
51493,0.749,1.048,0.177,1.820,0.230,7
56142,0.139,0.090,0.059,0.249,0.126,7
47904,0.282,0.420,0.071,2.897,0.299,8
40739,0.024,0.228,0.040,5.736,0.668,1
59760,0.250,0.353,0.061,1.742,0.310,2
57280,0.127,0.198,0.048,1.291,0.326,10
37799,0.039,0.348,0.036,2.926,0.470,2
43075,-0.052,-0.043,0.020,0.809,0.222,7
53025,0.202,0.466,0.050,3.835,0.489,2
43925,-0.031,-0.332,0.029,-0.303,0.078,7
48588,0.337,0.444,0.081,2.100,0.404,6
58691,-0.024,-0.128,0.028,0.314,0.122,1
44094,0.223,0.411,0.063,2.943,0.575,3
49732,0.050,0.141,0.051,1.370,0.345,3
39657,0.355,0.586,0.074,5.205,0.397,10
33786,0.284,0.649,0.070,10.061,0.873,5
33381,0.511,0.781,0.114,3.889,0.352,5
41834,0.143,0.277,0.050,0.991,0.275,4
44718,0.106,0.188,0.047,1.695,0.137,4
36107,-0.053,-0.136,0.016,0.390,0.178,1
57935,0.250,0.439,0.069,2.832,0.506,5
41910,0.079,0.111,0.046,1.180,0.289,10
34329,0.076,0.031,0.055,-0.383,0.084,8
51229,0.164,0.329,0.054,2.186,0.470,1
42635,0.028,0.084,0.040,0.899,0.215,5
53448,0.417,0.582,0.077,4.579,0.528,5
41162,0.128,0.171,0.052,0.837,0.151,9
42369,0.321,0.556,0.075,4.603,0.405,5
57322,0.293,0.401,0.068,2.645,0.272,2
41345,0.035,0.120,0.045,0.945,0.220,7
47742,0.231,0.395,0.067,1.715,0.178,8
30990,0.328,0.564,0.073,4.575,0.821,5
36589,0.020,0.129,0.035,1.108,0.450,10
44277,0.131,0.119,0.060,0.191,0.193,8
56014,0.400,0.537,0.084,3.837,0.294,8
42485,-0.067,-0.174,0.024,-0.510,0.076,2
36827,0.120,0.339,0.052,2.147,0.345,2
41045,0.082,0.217,0.051,1.617,0.434,2
42733,0.299,0.388,0.060,1.033,0.345,10
44770,0.230,0.186,0.064,2.004,0.314,2
32800,0.043,0.078,0.041,0.012,0.110,10
47981,0.368,0.696,0.090,6.460,0.579,8
35518,0.073,0.219,0.041,1.109,0.222,9
31792,0.159,0.393,0.057,3.229,0.512,6
43430,-0.151,-0.327,-0.004,-0.029,0.137,3
41049,0.118,0.147,0.054,0.737,0.209,8
54410,0.046,0.148,0.039,1.571,0.240,8
52974,0.070,0.549,0.055,8.764,0.682,9
47699,0.232,0.700,0.065,13.938,1.359,5
47817,0.336,0.163,0.077,-0.127,0.083,8
39318,0.107,0.292,0.056,1.258,0.293,9
39233,0.094,0.259,0.047,0.746,0.208,3
46311,0.302,0.402,0.079,3.241,0.420,4
30988,0.099,0.077,0.054,0.150,0.098,2
55254,0.008,0.142,0.032,-0.031,0.094,7
36203,-0.041,-0.002,0.022,1.799,0.292,6
40962,0.362,0.493,0.074,2.811,0.398,8
50160,0.069,0.027,0.044,-0.004,0.168,4
45157,0.054,0.237,0.049,1.531,0.181,1
54005,0.028,0.152,0.051,0.530,0.228,10
47841,0.569,0.923,0.108,32.801,1.230,3
44359,0.024,0.175,0.040,1.411,0.333,9
49729,0.020,0.267,0.047,2.027,0.441,10
50686,0.451,0.711,0.096,2.975,0.573,4
33934,0.170,0.378,0.053,2.075,0.364,7
32816,0.021,0.155,0.038,1.601,0.278,7
57345,0.103,0.248,0.057,2.516,0.447,1
52426,0.003,0.007,0.034,0.300,0.104,2
57143,0.084,0.113,0.048,1.139,0.259,4
48798,-0.011,-0.032,0.035,0.710,0.206,6
34366,0.113,0.274,0.045,0.730,0.148,6
43244,0.009,0.064,0.024,1.629,0.251,4
50323,0.149,0.264,0.051,1.512,0.284,5
54241,0.314,0.431,0.071,2.025,0.426,9
37062,0.119,0.081,0.051,0.170,0.141,7
38504,0.141,0.304,0.058,1.777,0.372,3
32440,0.220,0.208,0.059,0.008,0.129,7
47088,0.001,-0.032,0.035,0.761,0.186,10
48205,0.519,0.704,0.098,3.202,0.463,1
33502,0.435,0.630,0.085,4.919,0.609,2
35815,-0.057,-0.063,0.012,0.809,0.234,7
57754,-0.022,0.076,0.029,1.209,0.255,4
35852,0.287,0.222,0.068,0.233,0.159,10
33592,0.026,0.052,0.038,0.821,0.191,2
55542,0.094,-0.003,0.047,-0.220,0.093,10
55094,0.196,0.371,0.060,2.258,0.337,2
38351,0.069,0.051,0.045,0.796,0.171,8
33853,0.344,0.305,0.084,1.069,0.188,3
44816,0.048,0.024,0.044,-0.233,0.099,1
54393,0.038,0.250,0.045,1.719,0.367,4
31601,-0.156,-0.303,-0.015,0.245,0.196,2
34243,0.227,0.092,0.064,0.679,0.233,8
49205,0.205,0.290,0.051,3.411,0.354,8
42023,0.043,0.374,0.044,6.197,1.077,8
56901,0.143,0.154,0.060,0.747,0.242,8
49068,0.186,0.263,0.059,1.089,0.170,6
48769,0.412,0.711,0.094,6.889,0.800,3
58887,0.037,0.077,0.034,1.206,0.227,3
42988,0.292,0.473,0.076,1.226,0.218,1
58668,0.020,0.099,0.033,0.763,0.217,9
45057,-0.006,0.083,0.032,0.907,0.217,2
34798,0.652,1.172,0.153,7.027,1.403,7
53365,0.196,0.521,0.073,2.626,0.427,8
30718,0.269,0.396,0.077,1.077,0.113,2
44671,0.485,0.640,0.099,1.721,0.257,7
39220,0.079,0.157,0.044,0.982,0.212,4
48707,0.171,0.184,0.047,1.112,0.246,7
35930,0.449,0.494,0.086,2.369,0.373,1
56275,0.258,0.452,0.073,2.790,0.332,2
47740,0.281,0.620,0.077,9.494,0.989,8
35740,0.185,0.329,0.058,2.690,0.340,9
54124,0.326,0.514,0.071,2.673,0.451,9
57690,0.048,0.019,0.044,-0.161,0.129,5
31082,0.102,0.116,0.052,1.408,0.374,4
32419,0.322,0.328,0.079,0.741,0.134,2
42314,0.143,0.262,0.053,2.013,0.262,8
54276,-0.052,-0.180,0.019,-0.094,0.186,8
40569,0.168,0.198,0.059,1.543,0.229,6
37060,0.247,0.389,0.061,2.011,0.410,9
54607,0.329,0.601,0.086,4.023,0.449,9
30813,0.381,0.328,0.083,0.885,0.100,2
37494,0.180,0.434,0.062,3.692,0.407,7
50337,0.455,0.681,0.104,3.896,0.327,7
54281,-0.126,-0.839,-0.010,-0.315,0.104,9
48362,0.171,0.204,0.059,0.435,0.159,5
59176,0.142,0.141,0.049,1.025,0.203,9
57178,0.118,0.136,0.055,0.231,0.126,7
39216,0.254,0.576,0.063,7.482,0.445,2
32033,0.270,0.519,0.068,5.160,0.743,5
40410,0.139,-0.009,0.058,-0.133,0.111,8
52246,0.062,0.292,0.043,2.696,0.433,5
53129,0.043,0.098,0.036,0.897,0.335,6
37527,-0.065,-0.076,0.022,0.419,0.172,1
38543,0.345,0.485,0.071,3.679,0.548,7
31585,0.044,0.087,0.035,1.000,0.376,8
54495,0.109,0.340,0.034,1.601,0.745,4
56631,0.098,0.108,0.041,0.715,0.173,6
41347,0.362,0.495,0.078,1.595,0.316,2
31257,0.062,0.159,0.041,0.992,0.270,7
58483,-0.023,0.129,0.027,2.771,0.631,7
36302,-0.045,0.147,0.036,1.272,0.235,2
48616,0.185,0.214,0.062,0.645,0.210,5
46474,0.357,0.491,0.077,1.801,0.320,6
40997,0.041,0.137,0.041,1.038,0.168,10
43429,0.219,0.399,0.067,1.836,0.235,7
48022,0.067,0.089,0.044,-0.075,0.185,1
37148,0.197,0.277,0.066,0.292,0.104,10
49976,-0.024,0.243,0.025,5.192,0.967,8
56239,0.026,0.095,0.035,1.158,0.246,7
30262,0.053,-0.313,0.040,-0.499,0.070,5
49264,-0.244,-0.900,-0.013,0.012,0.140,3
54179,-0.074,-0.602,0.013,-0.417,0.127,3
58839,0.255,0.430,0.069,1.750,0.340,5
32545,0.282,0.336,0.068,1.761,0.333,4
47359,0.182,0.290,0.068,1.416,0.310,1
42068,0.060,0.098,0.044,0.604,0.107,8
45648,0.261,0.322,0.067,2.044,0.277,10
33865,-0.105,-0.146,0.020,-0.252,0.094,4
53258,0.118,0.273,0.052,1.526,0.260,9
60282,0.321,0.585,0.073,4.141,0.409,9
35574,0.097,0.295,0.048,1.897,0.262,2
34253,0.038,0.133,0.044,0.905,0.284,1
53529,0.465,0.450,0.098,0.453,0.105,9
47389,0.059,0.258,0.045,2.276,0.410,5
38107,0.246,0.303,0.061,1.156,0.168,9
38246,0.250,0.319,0.057,1.805,0.291,5
57805,0.048,-0.014,0.038,-0.154,0.134,7
56892,-0.126,-0.077,0.011,-0.171,0.130,5
48788,0.063,0.215,0.037,2.275,0.468,8
46420,0.117,0.149,0.049,0.551,0.136,6
41166,0.310,0.650,0.065,8.063,0.999,4
54236,-0.075,-0.556,0.021,-0.549,0.067,4
47709,0.264,0.510,0.074,6.632,0.549,3
59840,-0.027,0.044,0.017,1.665,0.276,7
60105,0.086,0.193,0.060,1.403,0.216,6
35482,-0.112,0.033,0.021,1.082,0.233,9
45398,-1.978,-7.602,-0.480,-0.572,0.032,5
45894,-0.019,-0.035,0.018,-0.071,0.218,8
35918,0.081,0.111,0.043,0.596,0.182,2
43672,0.061,0.079,0.049,1.095,0.148,2
56530,-0.027,-0.028,0.024,0.891,0.205,3
34234,0.006,0.025,0.032,-0.051,0.232,9
55620,0.172,0.231,0.053,1.297,0.287,9
40892,0.145,0.109,0.050,0.416,0.123,9
40828,-0.014,0.007,0.040,0.338,0.120,4
31962,0.300,0.383,0.073,1.759,0.330,9
39535,0.050,0.300,0.035,1.959,0.700,6
41471,0.294,0.508,0.064,3.741,0.432,3
50774,0.178,0.352,0.051,1.298,0.269,1
55821,0.126,0.378,0.048,7.343,0.716,6
49775,0.228,0.292,0.066,0.987,0.125,1
35861,0.174,0.462,0.055,7.271,0.623,3
47531,0.197,0.335,0.064,2.973,0.434,4
48931,0.298,0.605,0.081,4.648,0.675,9
31393,-0.044,-0.020,0.024,1.058,0.277,3
58609,0.170,0.345,0.051,1.825,0.497,1
43339,-0.011,-0.017,0.021,0.853,0.208,10
50064,0.332,0.388,0.074,2.661,0.345,10
38156,0.308,0.571,0.078,8.600,0.622,10
60486,0.097,0.302,0.047,2.318,0.531,6
48519,0.129,0.305,0.057,1.420,0.286,4
47583,0.039,0.061,0.041,0.716,0.296,5
36367,-0.353,0.000,-0.049,2.588,0.332,7
50941,-0.047,-0.032,0.019,1.614,0.357,7
50283,-0.008,0.119,0.032,1.043,0.350,9
54052,0.333,0.479,0.076,2.387,0.320,3
51741,0.076,0.038,0.047,-0.231,0.142,5
58359,-0.005,0.141,0.032,1.543,0.343,2
41850,0.187,0.379,0.057,3.570,0.458,4
33964,0.175,0.327,0.045,3.852,0.370,9
52536,0.019,0.085,0.032,1.037,0.215,7
46425,0.074,0.438,0.045,4.834,0.338,2
55178,-0.078,-0.489,0.007,0.605,0.303,3
51656,0.203,0.235,0.059,0.788,0.211,5
60296,0.174,0.305,0.047,2.892,0.234,8
39118,0.475,0.604,0.093,2.447,0.368,5
55259,0.599,0.878,0.129,5.526,0.489,7
42945,0.188,0.273,0.059,1.544,0.280,2
37511,0.423,0.625,0.099,4.193,0.449,1
43025,0.207,0.586,0.072,6.168,0.583,9
48262,0.097,0.128,0.049,1.122,0.187,9
54535,-0.024,-0.399,0.026,-0.222,0.089,9
49204,0.001,0.089,0.028,1.582,0.330,10
48174,0.047,0.342,0.036,4.829,0.557,9
42328,0.015,0.125,0.035,0.989,0.230,7
37882,0.429,0.496,0.066,2.119,0.754,5
46771,0.081,0.333,0.055,1.946,0.520,3
40360,0.173,0.107,0.052,0.014,0.119,8
42146,0.047,0.230,0.041,2.666,0.337,7
51868,0.124,-0.085,0.047,-0.375,0.072,9
33337,0.245,0.440,0.075,1.593,0.486,3
52112,0.179,0.209,0.062,1.124,0.185,2
35783,-0.028,-0.023,0.029,1.703,0.253,6
44341,0.072,0.091,0.049,-0.024,0.125,2
51092,0.212,0.459,0.064,1.823,0.465,5
46799,0.181,0.541,0.050,3.721,0.846,1
39649,0.147,0.249,0.046,2.110,0.426,1
52864,0.210,0.420,0.068,3.246,0.406,5
53148,-0.136,-0.156,0.011,0.852,0.158,7
38811,0.040,0.101,0.042,0.744,0.171,5
38688,0.033,0.235,0.035,17.057,1.234,1
43206,0.031,0.134,0.031,1.246,0.164,10
56947,0.073,0.143,0.047,0.927,0.256,4
34435,0.103,0.235,0.049,0.637,0.301,1
36434,0.001,0.066,0.034,0.847,0.208,9
55792,0.123,0.122,0.047,0.972,0.219,2
37396,0.385,0.742,0.074,7.302,0.690,3
33468,0.061,-0.046,0.040,-0.418,0.080,3
59530,0.288,0.450,0.068,2.200,0.458,10
33261,-0.058,-0.073,0.020,1.111,0.121,10
50152,0.516,0.407,0.089,1.465,0.235,2
31097,0.117,0.363,0.049,2.220,0.297,9
47952,0.007,0.053,0.028,1.463,0.208,9
48518,0.007,0.222,0.047,2.060,0.213,5
59328,0.132,0.431,0.056,2.888,0.659,8
47832,0.205,0.238,0.057,0.477,0.160,7
39021,0.038,0.373,0.051,2.748,0.543,2
39258,0.058,0.210,0.046,2.578,0.315,7
56351,0.246,0.528,0.073,3.581,0.468,5
47843,-0.008,0.022,0.032,0.262,0.210,10
53238,0.152,0.186,0.052,1.543,0.245,9
34467,-0.156,-0.475,-0.027,0.311,0.151,4
47859,0.149,0.370,0.056,3.559,0.430,7
55489,0.148,0.287,0.052,1.582,0.171,2
38123,0.061,0.348,0.043,2.497,0.544,5
42028,-0.018,-0.754,0.020,-0.569,0.063,8
47762,0.213,0.214,0.053,1.106,0.220,5
54366,0.158,0.300,0.058,1.704,0.369,5
37312,0.164,0.410,0.051,3.959,0.384,8
46430,0.046,0.178,0.033,2.651,0.657,10
59343,0.053,-0.016,0.052,-0.245,0.116,2
49179,-0.080,-0.025,0.015,0.038,0.141,8
37421,-0.102,-0.120,0.004,0.569,0.213,1
47913,0.086,0.155,0.048,1.032,0.223,7
44588,0.270,0.276,0.063,1.665,0.282,3
56506,0.175,0.205,0.052,0.262,0.258,5
55767,0.024,0.121,0.044,-0.054,0.179,7
46710,-0.014,0.149,0.033,1.315,0.288,3
43354,0.242,0.416,0.064,3.492,0.398,6
32441,0.175,0.207,0.055,1.323,0.239,3
48857,0.075,0.080,0.042,0.785,0.137,3
57258,0.193,0.131,0.056,0.842,0.151,1
46367,0.018,0.086,0.042,0.232,0.259,5
40018,-0.027,0.035,0.032,0.144,0.113,6
46321,0.006,0.054,0.040,1.436,0.426,3
57335,-0.083,0.008,0.014,1.594,0.283,3
48385,0.070,0.084,0.050,0.156,0.145,6
44590,-0.271,-0.777,-0.021,-0.340,0.099,8
44832,0.267,0.432,0.070,2.047,0.301,4
55006,0.020,0.068,0.043,0.341,0.145,6
57798,0.010,0.037,0.031,0.978,0.172,10
60622,0.044,0.048,0.041,-0.337,0.092,9
52332,0.162,0.182,0.051,-0.269,0.106,10
55002,0.069,0.139,0.043,0.677,0.265,1
35486,0.137,0.332,0.060,1.957,0.364,1
37810,0.429,0.497,0.074,1.732,0.210,6
56910,0.227,0.444,0.054,2.671,0.368,7
50510,0.285,0.492,0.072,2.555,0.366,1
33038,0.197,0.337,0.058,1.541,0.205,3
32942,-0.086,-0.078,0.008,0.165,0.220,1
52812,0.051,0.236,0.047,1.890,0.325,1
37054,0.129,0.147,0.060,0.837,0.161,7
32519,0.249,0.300,0.078,0.852,0.106,7
49468,0.296,0.431,0.092,1.455,0.165,1
58035,0.011,0.322,0.035,3.935,0.733,3
30464,0.165,0.335,0.067,1.566,0.286,2
46033,0.286,0.501,0.080,2.174,0.285,1
44528,0.309,0.575,0.077,2.789,0.380,10
59155,0.317,0.488,0.069,2.486,0.394,6
59808,0.067,0.148,0.039,2.273,0.445,3
51290,0.371,0.460,0.083,1.191,0.157,9
55013,0.031,0.225,0.041,1.777,0.300,7
32229,0.245,0.291,0.063,1.546,0.285,8
50617,0.508,0.570,0.118,1.788,0.360,4
48300,-0.002,0.391,0.049,5.611,1.013,4
57664,0.333,0.387,0.082,1.406,0.252,10
59575,0.016,-0.276,0.041,-0.403,0.077,9
36189,0.331,0.559,0.071,5.765,0.601,2
36620,0.327,0.576,0.073,5.683,0.620,1
31769,0.192,0.475,0.053,5.319,0.760,3
58426,0.113,0.186,0.052,0.642,0.290,5
50187,0.133,0.290,0.053,1.772,0.399,1
58030,0.283,0.290,0.071,1.845,0.270,2
45587,-0.103,-0.172,0.013,0.717,0.274,10
50204,0.062,0.165,0.048,1.284,0.266,2
36510,-0.156,-0.463,0.000,-0.183,0.108,2
37204,0.473,0.759,0.083,8.072,0.517,4
49071,0.145,0.256,0.053,1.265,0.305,4
52283,0.430,0.588,0.086,3.307,0.497,4
52685,-0.003,-0.052,0.036,0.348,0.164,9
30266,0.045,0.248,0.043,1.657,0.318,8
49595,0.291,0.335,0.070,1.642,0.377,1
35948,0.029,-0.609,0.037,-0.568,0.060,3
34308,0.208,0.335,0.061,2.146,0.270,6
49666,0.014,-0.095,0.033,-0.267,0.131,2
40883,-0.110,-0.598,0.003,-0.530,0.068,8
40024,0.289,0.473,0.069,2.823,0.430,9
50462,0.248,0.437,0.061,3.586,0.365,10
48749,0.305,0.486,0.070,2.180,0.412,5
46398,0.017,0.088,0.033,1.140,0.235,7
31142,-0.169,-0.250,-0.016,0.933,0.106,10
48161,-0.138,-0.267,0.015,-0.342,0.121,7
31025,0.147,0.285,0.057,1.176,0.268,4
47788,-0.150,-1.417,0.007,-0.564,0.051,3
52201,0.336,0.464,0.072,4.477,0.530,10
55036,0.099,0.116,0.052,1.019,0.250,1
51084,-0.708,-3.041,-0.181,-0.420,0.075,5
45024,0.279,0.419,0.069,2.675,0.372,5
54086,-0.391,-1.765,-0.101,-0.224,0.149,8
54688,0.058,0.169,0.046,1.567,0.251,10
40608,0.046,0.037,0.041,0.680,0.225,7
50318,0.056,0.207,0.039,2.178,0.303,2
54365,0.043,0.067,0.039,0.843,0.190,6
41243,0.011,0.133,0.033,0.759,0.244,9
41204,0.198,0.266,0.065,0.749,0.217,3
60056,0.489,0.755,0.092,8.951,0.768,9
40865,-0.142,-0.512,-0.001,-0.180,0.130,8
53239,-0.014,-0.143,0.023,0.191,0.103,5
55277,0.197,0.203,0.065,1.209,0.190,3
32500,0.049,-0.006,0.049,-0.340,0.086,10
59909,0.001,0.017,0.031,0.730,0.197,7
35954,0.013,0.124,0.047,0.337,0.166,1
57206,0.173,0.201,0.053,0.906,0.174,4
55093,0.049,0.276,0.044,2.775,0.353,1
52050,0.063,0.082,0.041,1.121,0.316,6
59585,0.103,0.168,0.049,1.348,0.160,6
36322,0.144,0.286,0.049,1.675,0.254,10
42100,0.006,0.057,0.027,1.261,0.251,4
59432,0.201,0.396,0.065,3.182,0.569,7
49511,0.004,-0.258,0.032,-0.468,0.078,9
55606,0.002,0.039,0.039,0.053,0.114,7
30413,0.014,0.076,0.035,1.104,0.203,1
45026,0.172,0.208,0.057,1.301,0.204,9
56569,0.098,0.145,0.051,0.517,0.153,9
58970,0.044,0.020,0.043,-0.243,0.120,5
31203,0.189,0.133,0.074,-0.348,0.074,6
47696,0.183,0.256,0.063,0.867,0.155,4
36695,0.031,0.121,0.030,0.863,0.236,9
57526,0.586,1.046,0.117,7.771,0.611,9
50166,-0.049,-0.263,0.028,-0.317,0.112,9
52644,0.022,0.263,0.041,1.417,0.710,4
32858,-0.042,0.154,0.024,1.783,0.549,7
46726,-0.053,0.076,0.022,1.132,0.268,5
33178,0.036,0.231,0.046,1.137,0.245,1
43255,-0.076,-0.051,0.009,1.633,0.363,1
53726,-0.005,-0.075,0.029,0.138,0.150,8
55304,0.032,0.073,0.042,0.548,0.109,5
41581,0.394,0.748,0.085,4.704,0.563,2
39654,0.190,0.331,0.060,1.440,0.276,4
58629,0.095,0.083,0.045,1.354,0.174,7
51573,0.322,0.427,0.076,1.671,0.311,9
56388,0.034,0.234,0.035,0.835,0.289,9
58969,0.149,0.215,0.057,0.437,0.174,9
35712,0.118,0.107,0.045,1.089,0.216,5
52160,0.105,0.184,0.074,1.518,0.350,1
38616,-0.158,-0.451,-0.010,0.332,0.224,6
40211,0.460,0.851,0.088,20.973,1.013,3
55568,-0.082,-0.032,0.026,0.394,0.178,1
34336,-0.023,-0.061,0.034,-0.199,0.133,1
31281,0.294,0.661,0.079,10.170,0.932,9
46374,-0.105,-1.062,0.009,-0.493,0.065,3
57976,0.019,0.143,0.048,1.544,0.267,2
32665,0.068,0.207,0.046,1.352,0.246,2
50555,0.167,0.210,0.058,1.464,0.279,3
55560,0.002,0.097,0.029,1.603,0.340,1
35286,-0.192,-0.594,-0.028,-0.525,0.221,6
56654,0.134,0.213,0.058,0.832,0.214,2
52212,0.281,0.407,0.065,2.905,0.356,8
48373,-0.063,-0.010,-0.002,3.025,0.584,9
34188,0.128,0.395,0.054,2.914,0.504,8
40628,0.121,0.357,0.044,2.076,0.462,10
55164,0.401,0.566,0.083,1.356,0.284,5
32232,0.438,0.657,0.090,4.051,0.481,10
33108,-0.031,-0.176,0.029,-0.031,0.103,3
55517,0.082,0.183,0.046,0.952,0.158,8
43778,0.263,0.263,0.082,0.200,0.256,1
32448,0.259,0.376,0.068,2.339,0.275,10
42978,0.443,0.632,0.093,3.334,0.359,4
54710,0.201,0.574,0.061,4.615,0.600,1
56665,0.116,0.412,0.048,5.392,0.670,5
40209,0.300,0.448,0.080,2.080,0.358,4
56152,0.290,0.300,0.069,2.129,0.340,1
34704,-0.124,-0.244,0.002,-0.393,0.101,6
44691,0.012,0.060,0.040,0.721,0.150,4
53755,0.091,0.152,0.045,0.647,0.255,2
38868,0.144,0.179,0.058,-0.175,0.134,4
39532,0.350,0.650,0.085,4.193,0.788,10
51948,0.448,0.565,0.096,2.844,0.364,9
41862,0.267,0.513,0.072,2.880,0.241,8
57217,0.005,-0.178,0.030,-0.094,0.061,3
43932,-0.019,0.011,0.035,0.656,0.166,8
35836,-0.031,-0.051,0.026,0.567,0.219,10
47536,-0.063,-0.424,0.017,-0.076,0.087,10
45056,0.038,0.117,0.048,-0.154,0.104,8
45147,0.177,0.273,0.052,1.368,0.383,5
37219,0.022,-0.123,0.047,-0.378,0.059,6
54009,0.263,0.293,0.059,0.605,0.174,1
38174,0.368,0.641,0.081,10.061,1.100,8
47803,0.084,0.192,0.042,1.313,0.233,8
51273,0.339,0.378,0.086,1.107,0.299,4
35679,-0.020,-0.058,0.030,1.025,0.287,7
56804,0.298,0.407,0.062,2.548,0.317,1
50797,-0.083,0.065,0.021,3.514,0.678,7
52343,-0.018,-0.234,0.020,0.245,0.084,8
46135,0.175,0.294,0.055,0.929,0.213,1
52235,0.257,0.731,0.066,16.586,1.430,7
50146,0.086,0.029,0.042,-0.286,0.094,7
39978,0.224,0.455,0.062,2.450,0.355,3
43160,-0.076,0.024,0.018,2.463,0.446,9
50538,0.198,0.148,0.059,1.023,0.156,7
37773,-0.089,-0.510,-0.005,0.114,0.086,10
38972,-0.038,-0.044,0.030,0.472,0.201,4
35145,0.087,0.326,0.053,3.048,0.343,7
53225,-0.005,0.080,0.036,1.065,0.184,8
56410,0.198,0.211,0.050,1.445,0.282,4
33113,0.106,0.143,0.057,0.843,0.155,7
44793,0.202,0.267,0.057,3.153,0.410,9
38499,0.014,0.177,0.039,2.107,0.358,2
40822,0.314,0.144,0.076,-0.176,0.096,4
56024,0.239,0.091,0.064,-0.126,0.086,7
49600,0.050,0.008,0.042,0.783,0.132,8
39533,0.389,0.234,0.084,0.472,0.169,2
34758,0.157,0.298,0.046,1.685,0.396,7
47131,0.003,-0.014,0.024,-0.316,0.107,10
41181,0.148,0.450,0.055,4.723,0.395,7
54597,0.070,0.452,0.044,4.903,0.505,1
48522,0.020,0.050,0.030,0.350,0.181,5
58545,0.093,0.140,0.050,0.769,0.201,6
56193,0.176,0.563,0.087,1.087,0.391,9
42253,0.181,0.275,0.059,1.507,0.214,9
32271,0.063,0.153,0.044,1.497,0.305,2
47459,0.185,0.290,0.057,0.287,0.087,8
56413,0.347,0.557,0.078,2.273,0.304,8
59980,0.062,0.202,0.047,1.272,0.146,7
43020,0.324,0.359,0.083,1.379,0.179,4
48175,0.061,0.085,0.044,0.649,0.223,4
54287,0.036,0.087,0.039,0.588,0.203,4
50128,0.019,0.077,0.040,1.213,0.205,7
60642,0.335,0.387,0.080,1.124,0.160,7
53416,0.407,0.438,0.073,1.559,0.282,4
37575,-0.284,-0.168,-0.067,1.274,0.209,10
35687,0.101,0.191,0.050,1.499,0.235,4
60649,0.119,0.252,0.053,1.504,0.343,4
47971,-0.101,-0.399,-0.002,0.590,0.131,7
33211,0.232,0.419,0.059,3.893,0.604,9
48543,0.025,-0.035,0.043,-0.183,0.132,3
39803,0.333,0.362,0.071,1.733,0.305,8
60067,0.036,0.167,0.040,1.460,0.261,10
36556,-0.038,-0.070,0.023,0.271,0.183,1
43423,0.110,0.193,0.063,0.656,0.109,8
57618,0.056,0.099,0.032,0.206,0.199,7
48510,-0.145,-0.079,0.015,0.770,0.211,8
31876,-0.053,-0.419,0.016,-0.378,0.140,9
39565,0.296,0.588,0.070,5.452,0.672,4
33933,0.230,0.218,0.056,0.292,0.146,7
60033,-0.067,0.367,-0.009,22.069,1.989,6
54352,-0.066,-0.565,0.002,-0.517,0.063,8
59011,0.205,0.293,0.057,1.450,0.265,4
39463,0.101,0.223,0.044,2.515,0.358,7
34834,0.448,0.629,0.090,9.507,0.642,2
46536,0.352,0.536,0.082,2.315,0.186,7
47772,0.007,0.078,0.032,1.608,0.301,7
54664,0.229,0.168,0.071,0.251,0.097,6
36766,0.302,0.108,0.070,0.504,0.141,5
31824,0.138,0.280,0.049,2.815,0.429,3
37885,0.072,-0.052,0.045,-0.357,0.098,2
43473,0.060,0.208,0.040,1.276,0.217,9
49708,0.310,0.425,0.066,2.038,0.462,6
31109,0.024,0.299,0.042,5.288,0.397,4
37327,0.105,0.122,0.053,0.074,0.141,9
37862,-0.072,0.003,0.033,1.218,0.221,5
49186,0.216,0.120,0.056,0.191,0.168,4
33203,0.081,-0.002,0.043,0.209,0.120,10
44527,0.017,0.171,0.035,1.826,0.360,10
55598,0.215,0.353,0.055,2.154,0.389,10
31795,0.071,0.184,0.051,0.632,0.107,7
50550,0.197,0.483,0.067,3.238,0.634,7
31008,0.085,0.050,0.045,0.785,0.134,3
30125,0.061,0.427,0.043,10.253,0.855,2
44810,0.050,0.086,0.039,1.819,0.251,2
43509,0.026,0.283,0.041,2.259,0.504,9
56456,0.114,0.203,0.053,0.920,0.192,8
45498,0.368,0.395,0.068,1.727,0.286,1
59111,0.008,0.017,0.030,0.154,0.148,3
50342,0.204,0.362,0.060,1.574,0.438,3
52490,-0.091,-0.219,0.013,0.038,0.148,7
57084,-0.050,-0.110,0.031,0.287,0.098,8
45124,0.171,0.332,0.051,1.581,0.330,10
52325,-0.024,-0.299,0.023,-0.326,0.113,7
52172,0.131,0.330,0.054,5.852,0.571,7
37743,0.115,0.088,0.040,0.824,0.107,9
49659,0.367,0.497,0.073,1.501,0.316,8
42151,0.034,0.131,0.036,1.249,0.251,1
39181,-0.032,0.076,0.024,1.785,0.390,1
36296,-0.042,0.165,0.023,1.565,0.114,1
37678,0.118,0.195,0.051,1.166,0.296,3
45215,0.257,0.520,0.065,3.861,0.452,3
39813,-0.052,0.048,0.008,1.438,0.402,10
31036,0.065,-0.137,0.039,-0.136,0.090,7
47252,0.004,-0.051,0.035,-0.169,0.097,3
43446,0.239,0.371,0.069,1.863,0.247,8
33989,0.174,0.552,0.057,6.112,0.568,10
47236,0.095,0.223,0.048,0.998,0.267,6
37218,0.190,0.284,0.063,1.439,0.221,1
60680,0.051,0.176,0.036,1.482,0.354,2
60454,0.016,0.159,0.028,1.980,0.351,8
40164,0.198,0.321,0.063,0.936,0.179,7
45038,0.172,0.196,0.062,0.433,0.200,1
31639,0.349,0.401,0.081,1.417,0.201,10
53990,0.280,0.292,0.068,0.302,0.131,1
56521,0.415,0.424,0.091,1.684,0.191,3
58387,0.113,0.147,0.047,1.073,0.154,2
40518,0.179,0.273,0.059,0.801,0.174,6
45015,0.128,0.190,0.059,1.026,0.143,10
59043,0.147,0.080,0.067,-0.179,0.066,5
52462,0.427,0.819,0.106,11.222,1.557,5
38760,0.330,0.622,0.075,5.135,0.744,3
31569,0.236,0.327,0.078,0.415,0.097,1
46805,0.109,0.130,0.048,0.431,0.129,6
31755,0.360,0.517,0.071,2.977,0.543,3
36239,0.087,0.180,0.051,0.316,0.221,2
56025,0.227,0.335,0.059,2.324,0.484,7
35864,-0.082,-0.188,0.002,0.592,0.195,6
57000,0.050,0.236,0.035,1.124,0.319,5
37677,0.201,0.738,0.055,8.151,0.819,2
35616,0.234,0.081,0.068,0.661,0.115,3
41475,-0.046,-0.143,0.026,0.123,0.199,5
45338,0.227,0.462,0.066,1.563,0.370,2
59159,0.193,0.411,0.051,2.381,0.442,8
40965,0.168,0.377,0.054,2.058,0.304,7
59603,-0.043,0.020,0.028,-0.001,0.128,1
38482,0.096,0.282,0.051,1.742,0.309,3
60337,0.120,0.036,0.048,0.169,0.105,9
50082,-0.006,0.171,0.034,1.761,0.416,3
32579,0.332,0.412,0.072,1.484,0.232,6
44370,0.076,0.241,0.046,2.992,0.442,5
35922,0.190,0.462,0.062,3.891,0.565,4
33768,0.120,0.102,0.050,0.787,0.115,10
59754,-0.004,0.049,0.033,0.658,0.223,10
55403,0.146,0.208,0.049,1.667,0.285,3
59386,0.039,0.260,0.031,3.372,0.383,4
54377,0.329,0.683,0.075,7.923,0.397,7
41407,0.489,0.550,0.109,1.570,0.218,8
60423,-0.055,-0.159,0.028,-0.153,0.107,8
36025,-0.011,0.182,0.031,3.067,0.531,8
52412,0.213,0.228,0.058,1.153,0.213,2
59723,0.042,0.276,0.042,3.005,0.324,9
35781,0.094,0.196,0.053,0.083,0.302,9
43022,0.225,0.166,0.058,0.179,0.238,8
37516,0.030,0.177,0.040,1.559,0.301,9
58039,0.077,0.007,0.046,-0.131,0.210,6
33613,-0.254,-1.892,-0.059,-0.481,0.064,4
60017,0.031,0.040,0.045,0.036,0.230,10
36451,0.185,0.165,0.061,-0.130,0.083,9
55220,0.143,0.152,0.049,0.801,0.238,2
39300,0.184,0.460,0.054,4.016,0.258,1
34407,0.555,1.028,0.124,11.460,0.889,5
55594,-0.056,-0.147,0.023,0.608,0.164,2
46230,-1.196,-8.993,-0.107,-0.580,0.030,9
57462,0.218,0.298,0.064,2.270,0.330,8
53969,0.019,0.094,0.032,0.854,0.246,10
35243,0.485,0.758,0.094,7.837,0.574,8
41372,0.221,0.278,0.075,1.099,0.154,4
44012,0.288,0.374,0.070,1.602,0.157,8
42033,0.084,0.121,0.049,0.265,0.137,6
30173,0.294,0.458,0.069,1.706,0.164,8
51123,0.429,0.483,0.091,1.468,0.203,5
30073,0.253,0.299,0.067,1.132,0.280,6
37088,-0.206,-0.571,0.011,-0.038,0.139,6
48003,-0.039,-0.059,0.024,1.594,0.368,5
44825,0.062,0.107,0.043,0.802,0.173,2
57743,0.087,0.164,0.050,0.913,0.177,4
59018,-0.048,-0.264,0.025,-0.231,0.089,3
50282,0.032,0.058,0.042,0.673,0.106,7
42281,0.070,0.044,0.052,-0.409,0.077,1
32054,0.370,0.304,0.076,0.700,0.148,7
39930,0.053,0.107,0.040,1.611,0.294,6
38556,-0.280,-0.828,-0.057,-0.542,0.095,10
46275,0.027,0.134,0.045,0.696,0.268,7
46342,-0.046,-0.171,0.023,-0.397,0.060,10
46363,0.034,0.179,0.053,0.646,0.127,2
33872,-0.026,-0.182,0.036,-0.441,0.086,8
41538,0.038,0.014,0.041,-0.141,0.097,5
30713,0.293,0.392,0.076,1.751,0.274,3
40784,-0.005,0.184,0.036,1.729,0.432,5
59306,0.004,-0.131,0.037,-0.275,0.103,9
58106,0.028,0.084,0.039,0.656,0.238,1
56598,0.328,0.499,0.079,2.373,0.254,9
39384,0.175,0.220,0.058,1.075,0.276,1
42687,0.016,-0.096,0.034,0.335,0.142,9
57918,0.053,0.213,0.042,0.627,0.221,4
55681,0.108,0.192,0.050,1.302,0.271,7
60004,0.294,0.436,0.067,4.361,0.495,3
45631,0.063,-0.032,0.052,-0.114,0.062,5
44666,0.038,0.004,0.039,1.414,0.110,3
54930,0.284,0.314,0.069,1.649,0.199,5
33096,0.294,0.478,0.072,2.919,0.289,3
36548,-0.041,0.075,0.016,1.579,0.372,1
46507,0.089,0.295,0.036,2.546,0.245,8
38533,0.171,0.272,0.057,1.444,0.238,3
43530,0.078,0.051,0.045,0.229,0.100,2
45111,-0.461,-0.879,-0.068,0.384,0.142,4
56227,0.012,0.090,0.038,1.505,0.289,9
30033,0.051,0.123,0.052,0.389,0.171,6
31804,0.114,0.331,0.055,2.836,0.417,8
54481,0.244,0.389,0.076,1.526,0.256,5
30816,0.084,0.197,0.050,1.782,0.352,9
44295,0.134,0.325,0.055,1.843,0.333,3
40927,0.053,0.091,0.048,0.475,0.132,10
36634,0.173,0.172,0.056,0.289,0.139,9
44144,-0.088,-0.099,-0.012,0.848,0.300,4
36793,0.338,0.291,0.085,1.330,0.145,1
54867,-0.006,0.214,0.037,1.926,0.186,7
41747,0.606,0.889,0.127,8.949,0.740,5
54436,0.277,0.397,0.079,1.479,0.187,2
52001,0.276,0.560,0.064,2.603,0.710,3
46687,-0.077,-0.306,0.007,-0.109,0.096,2
55719,0.109,0.400,0.049,5.270,0.448,7
40114,0.004,-0.045,0.032,0.084,0.166,5
51039,0.292,0.600,0.072,4.836,0.460,8
47868,0.180,0.251,0.059,1.804,0.338,1
35442,0.342,0.546,0.081,4.524,0.523,6
34907,-0.011,-0.118,0.033,0.208,0.090,4
34180,0.237,0.293,0.059,1.621,0.352,1
51266,0.094,0.196,0.051,1.962,0.524,5
45508,0.075,0.136,0.046,0.031,0.144,8
57036,0.148,0.248,0.049,1.536,0.181,6
43826,0.458,0.189,0.102,-0.559,0.052,3
30576,0.034,0.141,0.039,0.847,0.188,6
32273,0.388,0.593,0.083,4.548,0.370,7
59064,0.267,0.441,0.070,1.968,0.297,5
54954,0.032,0.044,0.043,0.132,0.116,4
42744,-0.032,-0.084,0.027,0.742,0.175,7
50241,-0.057,-0.106,0.004,-0.062,0.139,9
31980,0.094,0.072,0.052,0.551,0.223,7
38682,0.121,0.112,0.054,0.029,0.144,2
34145,0.251,0.284,0.065,1.493,0.188,9
59266,0.019,0.026,0.042,0.116,0.197,2
49182,0.168,0.228,0.055,0.923,0.235,10
41426,0.300,0.370,0.072,1.666,0.257,10
31498,0.267,0.271,0.071,0.055,0.104,4
49170,0.135,0.193,0.062,1.296,0.204,5
48448,0.204,0.218,0.069,0.906,0.261,7
35992,0.163,0.306,0.061,3.372,0.475,1
42959,0.210,0.444,0.075,8.425,0.562,9
34428,0.053,0.155,0.038,1.546,0.288,6
54382,0.078,0.243,0.042,1.829,0.290,8
45199,0.184,0.128,0.055,0.179,0.130,9
33657,0.197,0.219,0.048,1.492,0.266,10
45465,-0.045,-0.612,0.018,-0.523,0.059,1
56097,-0.022,-0.225,0.032,-0.443,0.109,10
35199,0.258,0.378,0.072,1.509,0.233,9
48907,0.196,0.397,0.060,1.979,0.301,8
35206,0.516,0.795,0.108,10.725,0.898,2
52264,0.079,0.215,0.051,0.909,0.234,1
53549,0.017,0.017,0.033,0.194,0.128,5
36903,0.786,1.453,0.216,27.193,1.375,1
30248,0.319,0.456,0.067,1.473,0.285,5
44581,-0.043,-0.164,0.031,-0.267,0.125,6
42457,0.265,0.304,0.075,1.364,0.293,6
40003,-0.047,-0.556,0.013,-0.488,0.105,6
60127,0.350,0.252,0.084,0.251,0.120,4
40420,0.172,0.148,0.065,-0.107,0.121,1
31695,0.674,0.888,0.141,6.167,0.646,10
52787,0.138,0.392,0.055,2.867,0.318,10
58208,0.222,0.221,0.065,3.689,0.235,2
51125,0.453,0.472,0.083,1.558,0.436,2
57257,-0.028,-0.114,0.028,0.342,0.168,7
41878,0.121,0.138,0.048,1.060,0.248,5
47798,0.059,0.262,0.045,3.124,0.380,2
40008,0.087,0.245,0.048,2.567,0.420,6
38871,0.479,0.669,0.084,9.233,0.731,7
53890,0.304,0.442,0.069,-0.362,0.217,7
56522,0.290,0.686,0.068,7.094,0.598,7
56917,0.161,0.249,0.059,2.183,0.299,2
36728,-0.059,-0.120,0.029,-0.491,0.099,5
40634,0.072,0.115,0.043,1.132,0.225,10
31629,0.033,-0.017,0.041,-0.109,0.098,5
57589,0.050,0.398,0.037,6.585,0.877,7
31599,0.035,0.049,0.034,-0.075,0.069,2
34771,0.417,0.678,0.100,4.989,0.667,10
37790,0.017,0.030,0.024,0.580,0.256,9
56725,0.085,0.165,0.042,0.794,0.179,10
31477,-0.012,0.182,0.031,1.292,0.162,1
45668,0.190,0.292,0.061,1.302,0.328,5
60117,0.273,0.318,0.062,1.744,0.409,7
52245,0.088,0.141,0.047,1.229,0.300,3
54283,0.179,0.370,0.059,2.689,0.209,3
37689,0.279,0.307,0.075,1.101,0.174,10
51529,0.703,0.723,0.161,1.194,0.084,10
57518,0.175,0.451,0.059,8.548,0.987,2
50782,0.306,0.490,0.079,2.333,0.335,2
44126,-0.019,-0.003,0.033,0.008,0.104,3
56090,0.109,0.112,0.046,0.668,0.109,4
52966,0.110,0.104,0.054,0.202,0.133,2
40985,0.289,0.282,0.066,0.850,0.200,6
36247,0.092,0.338,0.061,8.511,0.638,9
45539,0.030,-0.022,0.048,-0.133,0.232,3
60158,0.174,0.259,0.053,1.772,0.413,8
60069,0.111,0.100,0.057,0.654,0.106,4
40202,-0.049,-0.114,0.030,-0.060,0.122,9
49203,0.133,0.230,0.055,1.074,0.254,3
30930,0.459,0.470,0.100,1.773,0.416,5
34463,0.081,0.215,0.045,2.004,0.326,1
54379,0.126,0.214,0.058,1.215,0.312,6
54357,0.137,0.117,0.051,0.230,0.192,5
57373,0.064,0.074,0.045,0.113,0.148,7
53170,0.244,0.427,0.062,2.013,0.342,3
36340,0.416,0.437,0.078,0.572,0.258,1
55873,0.310,0.558,0.057,6.887,0.600,9
44184,0.227,0.262,0.061,0.405,0.155,1
58078,0.179,0.169,0.063,0.281,0.195,7
31701,0.312,0.695,0.085,2.303,0.317,6
46187,0.071,0.140,0.043,1.257,0.198,5
42082,0.219,0.388,0.066,1.826,0.571,6
51996,0.036,0.264,0.038,3.023,0.603,6
51972,0.036,0.177,0.032,1.146,0.344,3
59029,0.100,0.149,0.054,0.511,0.135,8
34141,0.275,0.377,0.069,1.462,0.302,3
42077,0.572,0.856,0.107,3.544,0.558,3
40489,-0.032,-0.116,0.029,-0.407,0.094,4
30421,0.329,0.458,0.071,2.208,0.322,7
40788,0.190,0.147,0.055,0.816,0.251,5
49288,0.058,0.119,0.044,1.302,0.210,7
35410,0.024,0.178,0.038,1.629,0.301,10
56933,-0.038,-0.570,0.021,-0.500,0.089,6
39806,0.168,0.301,0.055,0.390,0.161,5
34878,0.219,0.485,0.063,2.361,0.273,8
44007,-0.298,-0.266,-0.064,0.643,0.261,10
50275,0.303,0.372,0.071,1.705,0.261,6
44736,0.314,0.652,0.078,5.694,0.658,4
56451,-0.009,-0.073,0.040,-0.530,0.102,3
57592,-0.097,-0.100,0.003,1.459,0.369,4
39326,0.151,0.635,0.059,7.373,0.547,4
33652,0.461,1.069,0.091,24.027,0.893,4
41468,0.236,0.326,0.072,1.272,0.234,3
54324,0.013,0.251,0.037,2.210,0.302,3
44220,0.362,0.523,0.076,1.467,0.213,4
31290,0.401,0.449,0.079,1.472,0.196,7
38331,0.035,0.181,0.046,1.720,0.280,5
46246,0.279,0.148,0.057,1.086,0.260,7
45372,0.112,0.372,0.054,4.996,0.937,4
40935,0.029,0.164,0.050,1.390,0.434,4
38656,0.024,0.152,0.040,1.405,0.335,7
42374,-0.180,-1.083,-0.009,-0.568,0.074,9
43797,0.392,0.190,0.120,-0.493,0.069,2
55524,0.217,0.202,0.061,1.103,0.197,10
53234,0.412,0.416,0.078,0.607,0.163,5
55759,0.146,0.296,0.062,6.219,0.828,3
34858,0.083,0.090,0.034,1.455,0.242,1
60508,0.132,0.259,0.052,1.177,0.299,3
34430,0.300,0.375,0.068,1.471,0.171,5
39952,0.194,0.293,0.058,1.838,0.384,10
43121,0.042,0.114,0.040,0.839,0.232,10
46910,0.265,0.236,0.071,0.505,0.106,9
50915,0.000,0.138,0.031,2.390,0.433,8
58180,0.113,0.043,0.048,-0.096,0.148,10
31975,0.102,0.094,0.051,0.066,0.158,1
39129,0.305,0.238,0.073,0.255,0.196,9
36422,0.316,0.765,0.078,5.711,0.692,9
36341,0.290,0.260,0.067,0.242,0.116,5
34836,0.355,0.304,0.067,2.058,0.215,9
48293,0.164,0.315,0.059,2.209,0.360,6
56729,0.132,0.322,0.058,3.270,0.350,8
47502,0.292,0.503,0.062,6.174,0.342,10
37076,0.092,0.182,0.045,1.062,0.271,8
32481,0.160,0.255,0.054,1.390,0.223,6
30160,0.003,0.090,0.033,1.418,0.275,10
42181,0.102,0.501,0.046,6.775,0.675,3
35305,0.279,0.445,0.059,5.176,0.475,6
36877,0.036,0.014,0.046,0.356,0.127,4
37827,0.088,0.273,0.046,2.880,0.425,6
50054,0.047,0.199,0.027,5.559,0.479,6
52270,0.019,0.031,0.036,0.470,0.119,8
36916,-0.024,0.103,0.030,0.704,0.223,10
32687,0.196,0.178,0.057,0.651,0.149,6
43819,0.219,0.240,0.058,0.298,0.228,5
54195,0.168,0.195,0.063,1.093,0.229,6
52633,-0.037,0.178,0.031,2.711,0.371,4
53056,0.073,0.158,0.047,1.201,0.277,7
54743,0.002,0.167,0.032,1.539,0.302,5
45725,0.288,0.492,0.074,3.827,0.355,8
44300,0.100,0.148,0.035,1.525,0.249,7
33644,0.047,0.083,0.037,1.389,0.239,5
50012,0.641,0.894,0.131,10.133,0.542,9
40736,0.604,0.725,0.129,9.735,0.408,10
48445,0.064,0.225,0.042,2.049,0.285,9
34289,0.102,0.135,0.047,0.568,0.178,9
58800,0.074,0.161,0.046,1.374,0.217,6
44489,0.395,0.396,0.072,1.707,0.255,1
38133,0.209,0.419,0.057,1.638,0.372,3
46547,0.267,0.434,0.070,2.871,0.503,7
46194,0.188,0.342,0.057,3.746,0.409,5
35693,0.106,0.220,0.050,1.597,0.304,10
30297,0.064,0.180,0.043,1.295,0.372,9
31538,0.125,0.282,0.059,1.163,0.283,9
57856,0.233,0.130,0.065,-0.264,0.095,4
52552,0.192,0.369,0.057,2.582,0.475,5
37872,0.112,0.270,0.055,2.317,0.365,4
59142,0.025,0.103,0.038,0.442,0.195,6
33132,0.327,0.572,0.076,2.146,0.420,1
59645,0.212,0.388,0.067,2.080,0.350,7
38902,-0.078,-0.201,0.018,-0.042,0.138,10
51897,0.013,0.048,0.033,0.725,0.263,1
43015,0.022,0.135,0.037,1.383,0.278,3
47215,0.097,0.262,0.053,1.639,0.306,9
53133,0.001,0.064,0.034,0.667,0.109,4
35188,0.012,-0.117,0.033,-0.049,0.102,4
41639,0.072,0.093,0.045,0.457,0.138,1
58225,0.351,0.360,0.077,1.382,0.313,4
43706,0.404,0.440,0.088,2.070,0.272,3
42370,0.092,0.107,0.049,0.672,0.200,7
30330,0.021,0.084,0.034,0.599,0.167,1
58048,0.124,0.479,0.052,4.169,0.921,3
42865,0.299,0.231,0.065,-0.048,0.194,8
47224,0.357,0.761,0.078,10.091,0.956,6
56481,-0.027,0.146,0.031,1.587,0.251,5
57202,0.027,-0.081,0.048,-0.119,0.093,9
33481,0.142,0.129,0.060,0.026,0.117,8
60447,0.137,0.242,0.048,1.422,0.389,10
57265,0.259,0.487,0.071,1.824,0.268,2
53200,0.499,0.818,0.096,8.509,0.797,5
32936,0.153,0.141,0.053,0.947,0.245,10
46437,-0.004,0.078,0.033,0.359,0.192,8
47263,0.224,0.390,0.065,3.978,0.494,4
32288,0.061,0.263,0.044,1.683,0.306,1
34443,-0.064,-0.652,0.018,-0.569,0.078,10
40964,0.183,0.278,0.056,2.691,0.337,3
39886,0.054,0.118,0.049,1.398,0.263,4
36841,0.498,0.646,0.082,4.606,0.512,8
39299,-0.129,-0.220,0.007,0.770,0.230,5
41406,0.062,0.216,0.045,2.138,0.254,4
36360,0.078,0.089,0.052,0.846,0.214,9
56195,0.273,0.290,0.071,0.771,0.174,2
36279,0.382,0.525,0.071,1.565,0.234,5
54594,-0.331,-0.870,-0.035,-0.255,0.103,10
47876,0.424,0.560,0.086,1.970,0.314,6
34081,0.015,-0.012,0.032,0.867,0.104,4
46691,0.572,0.823,0.106,5.492,0.373,4
42542,0.077,0.058,0.046,0.849,0.230,3
59033,0.132,0.116,0.055,0.373,0.115,2
59986,-0.062,-0.278,0.020,-0.228,0.145,9
46057,0.231,0.389,0.061,1.676,0.361,10
34790,-0.005,0.050,0.039,0.523,0.167,5
48866,-0.009,0.074,0.033,1.281,0.221,9
40203,0.472,0.581,0.098,1.669,0.315,6
48168,-0.101,-0.158,0.005,0.866,0.167,1
40620,0.288,0.382,0.071,2.673,0.269,4
52688,0.187,0.214,0.059,0.869,0.154,2
60599,0.169,0.465,0.062,2.152,0.369,8
36756,0.001,0.148,0.035,1.241,0.266,5
41933,0.054,0.172,0.048,0.936,0.244,1
39917,-0.246,-0.027,0.009,4.525,0.476,5
30216,0.199,0.399,0.064,2.898,0.448,1
49543,0.088,0.197,0.046,0.801,0.248,2
50226,0.202,0.319,0.062,0.726,0.154,9
47379,0.168,0.372,0.049,3.986,0.610,4
37120,0.241,0.341,0.060,1.625,0.287,4
42701,-0.125,-0.236,0.012,0.386,0.139,8
36785,-0.056,0.018,0.024,1.444,0.383,6
59605,0.345,0.644,0.076,3.116,0.310,1
35498,0.094,0.113,0.052,-0.109,0.112,8
30428,0.109,-0.083,0.041,-0.361,0.093,5
40823,-0.094,-0.291,0.006,0.471,0.200,5
35502,0.250,0.183,0.072,-0.259,0.090,10
48801,0.261,0.497,0.071,6.390,0.801,5
39101,0.200,0.368,0.063,4.101,0.525,10
47071,0.224,0.293,0.068,0.019,0.079,9
35809,0.176,0.145,0.056,1.118,0.194,7
47141,0.039,0.082,0.041,-0.400,0.084,6
37271,0.509,0.656,0.105,3.358,0.343,2
55130,-0.043,-0.057,0.025,0.979,0.230,5
34802,-0.029,-0.088,0.029,1.582,0.190,7
36249,0.449,0.705,0.101,3.490,0.330,4
43067,-0.096,0.035,0.002,1.613,0.229,8
34992,0.102,0.271,0.048,3.338,0.415,1
60521,0.047,0.281,0.042,1.328,0.293,1
51213,-0.006,0.020,0.026,0.012,0.141,5
60092,0.039,0.170,0.039,1.438,0.254,8
44005,0.006,-0.174,0.028,0.075,0.139,3
43721,0.059,0.217,0.044,0.297,0.150,5
58338,0.111,0.119,0.047,0.756,0.138,8
53251,0.053,-0.093,0.039,-0.511,0.052,4
43910,0.494,0.604,0.110,3.931,0.263,4
51790,0.021,0.227,0.044,1.559,0.178,10
32937,0.216,0.312,0.061,1.537,0.245,4
47204,0.103,0.169,0.052,1.567,0.264,3
51464,-0.060,-0.204,0.027,0.659,0.332,10
36427,0.278,0.091,0.079,0.138,0.093,6
32172,0.267,0.436,0.070,0.735,0.143,1
31908,0.123,0.196,0.042,1.724,0.344,10
44775,0.182,0.361,0.060,2.139,0.302,6
42312,-0.088,-0.823,0.016,-0.479,0.081,6
31176,0.648,0.744,0.129,1.620,0.101,10
50458,0.069,0.221,0.041,1.506,0.359,4
39102,0.129,0.231,0.056,2.953,0.305,7
49437,0.288,0.499,0.075,1.832,0.252,6
40089,0.170,0.264,0.054,0.805,0.123,9
53944,0.240,0.186,0.054,1.166,0.218,4
58999,0.120,0.161,0.050,0.556,0.245,7
41998,0.182,0.870,0.067,51.534,2.019,4
52540,0.052,0.052,0.040,1.052,0.204,9
54292,0.191,0.280,0.066,1.183,0.249,6
49073,0.044,-0.100,0.042,-0.348,0.093,9
56802,0.286,0.298,0.070,0.818,0.182,7
55619,0.350,0.547,0.075,1.473,0.354,5
43088,-0.037,0.172,0.024,1.945,0.316,5
40294,0.345,0.720,0.077,7.609,1.008,7
46143,0.042,0.114,0.039,0.643,0.185,6
50801,0.149,0.252,0.067,1.393,0.237,9
33647,-0.025,0.115,0.030,1.590,0.304,6
46329,0.038,0.032,0.041,0.158,0.106,3
42763,0.299,0.486,0.061,2.738,0.364,2
34033,0.285,0.212,0.068,-0.059,0.099,3
54329,-0.089,-0.084,0.000,0.881,0.242,5
55343,0.206,0.288,0.061,1.509,0.218,4
57360,-0.040,0.369,0.039,2.633,0.411,10
49422,0.251,0.558,0.062,8.381,0.799,7
52682,0.054,0.178,0.046,1.272,0.285,7
36758,0.607,0.591,0.123,0.869,0.134,1
33554,0.092,0.465,0.053,5.947,0.559,9
39440,0.027,0.307,0.034,6.033,0.877,6
38352,0.382,0.414,0.080,1.778,0.238,6
30378,-0.059,-0.141,0.019,0.059,0.125,6
40313,0.224,0.275,0.064,1.642,0.330,1
54421,0.124,0.091,0.053,0.126,0.155,3
34355,0.108,0.216,0.058,1.299,0.447,3
38362,0.014,-0.087,0.030,0.067,0.184,8
34269,0.422,0.401,0.075,0.790,0.152,4
48950,0.462,0.562,0.087,1.329,0.267,2
34812,-0.046,-0.234,0.016,-0.156,0.097,4
37911,0.132,0.283,0.053,0.967,0.166,3
32604,0.004,0.021,0.030,0.055,0.140,6
47897,0.072,0.122,0.045,0.527,0.176,9
41310,-0.053,-0.368,0.027,-0.198,0.125,7
39960,0.235,0.483,0.048,4.465,0.724,6
32179,0.252,0.262,0.068,1.421,0.287,9
54614,-0.273,-1.475,-0.022,-0.448,0.085,4
48120,0.178,0.245,0.060,0.885,0.087,3
58647,0.094,0.225,0.057,0.856,0.210,9
49414,0.013,0.062,0.031,0.426,0.240,3
60417,0.085,0.129,0.047,0.499,0.133,8
47467,0.383,0.802,0.084,14.759,0.779,5
45262,0.114,0.193,0.046,1.142,0.334,2
44799,0.254,0.164,0.065,1.517,0.401,2
34792,-0.003,-0.098,0.032,-0.323,0.132,1
57863,0.279,0.349,0.076,1.296,0.175,1
60272,0.077,0.329,0.042,1.452,0.308,3
45808,0.168,0.204,0.051,0.622,0.150,10
48611,-0.016,0.142,0.031,2.511,0.290,6
37587,0.299,0.529,0.065,5.510,0.995,4
37461,0.039,0.179,0.037,1.222,0.301,10
59682,-0.002,0.066,0.031,1.299,0.183,3
57112,0.132,0.242,0.056,1.642,0.260,10
47100,0.008,0.415,0.031,3.723,0.797,3
30373,-0.149,-0.507,0.007,-0.395,0.158,7
54451,0.109,0.236,0.047,1.319,0.514,2
33681,0.370,0.426,0.072,4.476,0.273,8
38230,0.047,0.279,0.040,3.710,0.745,10
33045,0.110,0.133,0.050,1.198,0.204,7
41247,0.113,0.185,0.051,1.401,0.205,8
34312,-0.238,-0.555,-0.015,-0.076,0.195,10
50308,0.491,0.651,0.101,3.934,0.309,8
42998,0.067,0.235,0.050,1.545,0.280,7
55885,0.025,0.056,0.041,0.127,0.131,1
53493,0.143,0.180,0.048,0.990,0.251,8
32082,0.080,0.265,0.045,1.184,0.264,6
53534,0.273,0.432,0.069,1.949,0.437,4
42145,0.314,0.589,0.079,2.824,0.587,10
52915,0.021,0.125,0.033,1.286,0.263,10
51200,0.365,0.590,0.085,3.963,0.456,3
60285,0.029,0.145,0.036,1.453,0.242,7
52725,0.359,0.190,0.088,-0.046,0.138,3
39142,0.013,0.103,0.041,0.308,0.210,2
30285,0.016,0.246,0.038,2.232,0.463,4
49002,-0.020,-0.053,0.037,-0.006,0.217,4
59261,0.138,0.329,0.066,0.755,0.197,6
56094,0.099,0.113,0.053,-0.487,0.234,8
47414,-0.326,-0.466,-0.010,-0.027,0.232,6
40393,0.062,0.199,0.051,1.630,0.207,9
59280,0.160,0.206,0.060,1.530,0.215,9
46190,0.028,0.109,0.033,0.517,0.206,2
58960,0.440,0.520,0.087,4.684,0.411,9
39976,0.040,0.166,0.038,0.961,0.193,10
46574,0.480,0.884,0.096,6.959,0.802,2
53575,0.244,0.439,0.073,3.113,0.406,2
48661,0.247,0.428,0.071,3.727,0.508,7
41502,0.096,0.275,0.078,0.399,0.250,5
48600,0.022,0.442,0.042,6.570,0.740,8
40764,0.037,0.152,0.039,1.113,0.291,7
41989,0.156,0.005,0.044,0.120,0.108,2
54996,0.216,0.468,0.071,0.728,0.252,4
