ID,Date,Rating
10283,31-Dec-1983,CCC
10283,01-Jul-1985,B
10283,19-Aug-1987,CCC
10283,31-Jan-1991,D
13326,31-Dec-1983,A
13326,14-Jan-1993,AA
13326,01-Oct-1999,BBB
14413,31-Dec-1983,B
14413,28-Apr-1989,BB
14413,24-Jan-1999,B
14413,02-Dec-2000,BB
12126,31-Dec-1983,CCC
12126,19-Jan-1988,D
11692,31-Dec-1983,BB
11692,24-Jan-1990,B
11692,28-Jul-1997,BB
10624,31-Dec-1983,AAA
10624,09-Jun-1991,AA
11015,31-Dec-1983,AAA
11578,31-Dec-1983,B
11578,09-Jan-1993,BB
11578,18-Jan-1998,AA
12413,31-Dec-1983,A
12413,28-Mar-1997,AA
14444,31-Dec-1983,BB
14444,15-Feb-1989,BBB
14444,18-Aug-2003,BB
11183,31-Dec-1983,CCC
11183,22-Jun-1989,BB
11183,09-Feb-1995,A
11183,07-Jun-1999,BBB
11183,25-Nov-2001,A
13943,31-Dec-1983,BB
13943,25-Jul-1991,B
14813,31-Dec-1983,BB
14813,23-Sep-1997,BBB
10546,31-Dec-1983,BB
10546,24-Dec-2003,D
10831,31-Dec-1983,A
10831,02-Aug-1999,BBB
10862,31-Dec-1983,B
10862,02-Jul-1989,D
12387,31-Dec-1983,AA
12387,13-Jul-1998,AAA
10991,31-Dec-1983,A
10991,09-Aug-1989,BBB
10991,05-Oct-1998,A
11107,31-Dec-1983,BB
12658,31-Dec-1983,BB
12658,07-Aug-1998,AA
10212,31-Dec-1983,A
10212,20-Sep-1999,BBB
10212,07-Jun-2000,A
13533,31-Dec-1983,A
14910,31-Dec-1983,BB
14910,23-Aug-1985,B
14910,05-Mar-1989,D
11855,31-Dec-1983,AA
11855,15-Nov-1996,A
11855,01-Apr-2003,BBB
12585,31-Dec-1983,BB
12585,10-May-1993,BBB
12585,20-Apr-1999,BB
12250,31-Dec-1983,CCC
12250,19-Dec-1988,B
12250,11-Mar-1989,BB
12250,04-Feb-1993,BBB
12250,10-Sep-1999,BB
12250,04-Feb-2000,BBB
13143,31-Dec-1983,AA
13143,13-Mar-1999,A
13143,09-Aug-2003,BBB
13112,31-Dec-1983,BB
13112,16-Sep-1997,BBB
13112,21-Nov-1998,A
13112,07-Aug-2000,BBB
13904,31-Dec-1983,AAA
13904,10-Nov-1991,AA
13904,03-Sep-2002,A
11742,31-Dec-1983,BB
11742,13-Oct-2003,B
14843,31-Dec-1983,AAA
14843,14-Jul-1991,AA
14843,01-Jan-2002,A
14843,13-Mar-2003,BBB
14799,31-Dec-1983,BB
12557,31-Dec-1983,BBB
12557,09-Jun-1997,A
10544,31-Dec-1983,BBB
10544,22-Jul-1996,A
10544,20-May-1997,AA
10544,24-Aug-1998,AAA
13429,31-Dec-1983,A
13429,01-Aug-1991,BBB
13429,06-Oct-1999,BB
13429,04-Mar-2003,B
13849,31-Dec-1983,CCC
13849,02-Jul-1988,B
13849,19-May-1994,BB
13849,22-Dec-1997,BBB
13849,07-Dec-2000,A
10784,31-Dec-1983,BB
12719,31-Dec-1983,BBB
12719,21-Nov-2000,A
12014,31-Dec-1983,A
12014,10-Jun-1990,BBB
12014,01-Oct-1994,A
12680,31-Dec-1983,CCC
12680,27-Nov-1984,D
11047,31-Dec-1983,AA
11047,16-May-1994,AAA
11292,31-Dec-1983,CCC
11292,11-Feb-1984,D
11922,31-Dec-1983,B
11922,10-Jul-1984,D
13970,31-Dec-1983,AAA
13970,04-May-1999,AA
13970,06-Nov-2002,A
13970,08-Mar-2003,BBB
14764,31-Dec-1983,CCC
14764,17-Mar-1985,D
10889,31-Dec-1983,BB
10889,12-Jul-1998,BBB
14178,31-Dec-1983,A
14178,30-Jan-2001,BBB
14178,28-Mar-2003,B
13702,31-Dec-1983,AAA
13702,19-Aug-1988,AA
13702,09-Feb-1991,BB
13702,09-Aug-1999,D
12931,31-Dec-1983,AA
13291,31-Dec-1983,A
13291,20-Nov-1999,BBB
13510,31-Dec-1983,AA
13510,27-Jun-1992,A
13510,24-Apr-1995,BB
13415,31-Dec-1983,CCC
13415,05-Oct-1985,D
12142,31-Dec-1983,B
12142,14-Dec-1988,BB
12142,23-Aug-1997,BBB
13100,31-Dec-1983,B
13100,26-Jun-1986,BB
13100,08-Jun-1994,B
13100,09-Mar-2002,CCC
13100,10-Jun-2003,D
11248,31-Dec-1983,BBB
11248,27-Jun-1999,BB
11248,10-Nov-2000,BBB
14891,31-Dec-1983,A
14891,18-Sep-1997,AA
14891,14-Aug-1999,A
14891,01-Feb-2002,BBB
14891,09-Feb-2003,BB
13649,31-Dec-1983,B
13649,28-Jul-1996,BB
14663,31-Dec-1983,BB
14663,17-Jun-1987,BBB
14663,18-Jul-1991,BB
14663,13-Jan-1999,B
14663,30-Jul-2002,D
14946,31-Dec-1983,BBB
14946,17-Aug-1985,D
13060,31-Dec-1983,BB
13060,24-Jun-1996,BBB
13060,27-Feb-1997,A
14166,31-Dec-1983,AAA
14166,02-Oct-1996,AA
14166,16-Oct-1999,A
10866,31-Dec-1983,B
10866,16-Apr-1998,BB
11667,31-Dec-1983,BB
11667,03-Jul-1996,BBB
12767,31-Dec-1983,B
12767,27-Mar-1993,BB
12767,10-Mar-1996,A
12905,31-Dec-1983,AA
12905,21-Oct-1988,A
12905,24-Jan-1994,BB
12905,12-Mar-1997,BBB
13078,31-Dec-1983,BBB
13078,21-Dec-1987,BB
13078,28-Jul-1989,A
13313,31-Dec-1983,A
13313,31-Jul-1987,BBB
13313,12-Dec-1991,A
12720,31-Dec-1983,AAA
12720,05-Feb-1984,AA
12720,16-Nov-1987,A
12720,21-Nov-2002,BBB
12090,31-Dec-1983,AAA
12090,19-Mar-1991,AA
12090,01-Mar-2002,A
13733,31-Dec-1983,A
13733,23-Aug-1988,BBB
13733,06-Mar-1996,A
12384,31-Dec-1983,BB
12384,11-Feb-1997,BBB
12384,13-May-1999,BB
12384,26-May-2003,B
14000,31-Dec-1983,BBB
14000,01-Feb-1985,BB
14000,06-Sep-1998,BBB
14000,18-Jul-2003,BB
14098,31-Dec-1983,A
14098,25-Dec-1999,BBB
10697,31-Dec-1983,BBB
10697,17-Mar-1996,A
10697,01-Dec-1999,BB
12818,31-Dec-1983,B
12818,30-Aug-1988,BB
12818,28-Sep-1991,D
13384,31-Dec-1983,B
13384,17-May-1996,BB
13384,22-Jun-1997,BBB
13384,07-Feb-1998,A
13384,18-Nov-2003,BBB
14749,31-Dec-1983,BBB
14749,11-Jun-2002,BB
14749,31-Aug-2003,D
14265,31-Dec-1983,AAA
10840,31-Dec-1983,BB
10840,22-Sep-2000,A
10840,14-Apr-2001,AA
13855,31-Dec-1983,AA
13855,04-Aug-1988,BBB
13855,14-May-1992,BB
12342,31-Dec-1983,BB
12342,17-Oct-1992,B
12342,26-Jan-2002,D
11943,31-Dec-1983,A
11943,28-Dec-2000,AA
12939,31-Dec-1983,BBB
12939,10-Oct-1993,A
12939,02-Jan-1997,AA
12939,20-Nov-1999,A
12939,11-Nov-2002,BBB
10349,31-Dec-1983,BB
10349,11-Sep-1997,BBB
10349,19-Nov-1999,BB
10349,18-Jun-2000,BBB
11493,31-Dec-1983,AAA
11493,14-May-1984,AA
11211,31-Dec-1983,B
11211,30-Jan-1986,BB
11211,29-Dec-1989,BBB
11211,13-Nov-1991,BB
11211,31-Dec-1996,BBB
11211,04-Sep-2000,A
14479,31-Dec-1983,B
14479,27-Aug-1989,BB
14479,30-May-1997,A
12447,31-Dec-1983,A
12447,22-Jun-1987,AA
14020,31-Dec-1983,BB
14170,31-Dec-1983,BB
14170,21-May-1997,BBB
13041,31-Dec-1983,BBB
13041,13-Jun-1992,BB
12810,31-Dec-1983,B
12810,09-Jan-1996,BB
12810,03-Jun-2000,BBB
14119,31-Dec-1983,CCC
14119,07-Feb-1984,D
13115,31-Dec-1983,BBB
13115,15-Jan-1996,A
13115,21-Jul-1997,AA
13115,11-Aug-2003,A
12000,31-Dec-1983,BB
12000,26-Sep-1984,D
12285,31-Dec-1983,A
12285,03-Apr-2002,BBB
14751,31-Dec-1983,CCC
14751,22-Sep-1986,BB
14751,17-Sep-1998,BBB
14184,31-Dec-1983,BBB
14184,02-Jul-1988,A
14184,21-Nov-1998,BBB
10634,31-Dec-1983,CCC
10634,11-Oct-1984,D
12686,31-Dec-1983,BB
12686,29-Jun-1984,B
12686,04-Oct-1986,BB
12686,31-Aug-1996,BBB
12686,23-Dec-1998,A
12874,31-Dec-1983,B
12874,11-Feb-1991,D
11434,31-Dec-1983,BBB
11434,13-Nov-1984,BB
11434,26-Jul-1989,BBB
10835,31-Dec-1983,BBB
10835,12-Feb-1999,B
10835,20-Dec-2001,BB
14040,31-Dec-1983,BBB
14040,02-Nov-1998,A
14040,22-Jan-2001,AA
11538,31-Dec-1983,BBB
11538,10-Apr-2000,A
11538,29-May-2003,BBB
10447,31-Dec-1983,BB
10447,16-Aug-1991,D
10806,31-Dec-1983,AAA
14088,31-Dec-1983,CCC
14088,01-Dec-1988,BB
14088,31-May-1999,B
13177,31-Dec-1983,AAA
13177,16-Sep-1984,AA
13177,20-Dec-2002,A
12005,31-Dec-1983,B
12005,07-Jun-1984,D
11307,31-Dec-1983,A
11307,19-Aug-1998,AA
11307,25-Nov-1999,A
11307,14-Nov-2003,BBB
10817,31-Dec-1983,BBB
10817,21-Feb-1984,CCC
10817,14-Mar-1987,D
11253,31-Dec-1983,AA
11253,14-Aug-1991,A
11253,09-Oct-1998,AA
12751,31-Dec-1983,CCC
12751,31-Mar-1985,D
14690,31-Dec-1983,A
14690,14-May-2003,BBB
12144,31-Dec-1983,BBB
12144,04-May-1991,BB
12144,15-Jun-1993,BBB
12144,03-Mar-1999,BB
12144,28-Sep-2000,AA
12144,04-Feb-2003,A
12937,31-Dec-1983,BBB
12937,20-Nov-1984,BB
12937,30-Jan-1988,BBB
12937,12-Oct-2001,A
14079,31-Dec-1983,BB
14079,05-Nov-1991,B
14079,13-Jun-1993,BB
14079,08-Aug-1996,A
14079,09-May-1997,AA
14079,04-Oct-1999,A
12744,31-Dec-1983,AA
12744,03-Aug-1997,AAA
12744,11-Aug-2003,AA
10333,31-Dec-1983,AA
10333,03-Nov-1984,A
10333,15-Jun-2003,BBB
13869,31-Dec-1983,BBB
13869,18-Nov-1997,A
13869,29-Jun-1999,BBB
11387,31-Dec-1983,CCC
11387,15-Aug-1993,B
11387,24-Jul-1998,BB
12530,31-Dec-1983,AA
14064,31-Dec-1983,A
14064,20-Sep-1992,BBB
14064,18-Jul-1997,A
14064,13-Oct-1998,AA
10777,31-Dec-1983,CCC
10777,11-Jun-1991,B
10777,28-Nov-1999,CCC
10777,31-Jan-2003,D
10762,31-Dec-1983,B
10762,30-Dec-1984,D
13017,31-Dec-1983,A
13017,22-Sep-1998,BBB
13017,22-Jul-2002,BB
12816,31-Dec-1983,A
12816,21-Feb-1996,AA
12816,01-Nov-2003,A
14961,31-Dec-1983,B
14961,21-Sep-1996,BB
14961,01-Jun-1998,BBB
14961,09-Apr-1999,B
14961,24-Apr-2000,BB
10819,31-Dec-1983,A
10819,31-Jul-1986,AA
10819,08-Sep-2002,A
12919,31-Dec-1983,BB
12919,11-Nov-1997,BBB
12919,17-Mar-1998,A
12919,03-Jul-1999,BBB
12919,03-Jun-2000,AA
13667,31-Dec-1983,CCC
13667,28-Mar-1998,B
13615,31-Dec-1983,BBB
13615,03-Oct-1985,BB
13615,16-Oct-1990,D
14388,31-Dec-1983,BB
14388,20-May-1989,B
14388,26-Apr-1991,D
13460,31-Dec-1983,AA
13460,24-Jun-1989,AAA
13460,10-Apr-2000,AA
13460,26-Feb-2003,A
14326,31-Dec-1983,BBB
14326,23-May-1996,A
14326,14-Apr-1997,AA
14326,29-Mar-1998,AAA
14326,22-Aug-1999,AA
10507,31-Dec-1983,BBB
10507,15-Dec-1996,A
10507,09-Mar-1999,BBB
12817,31-Dec-1983,CCC
12817,27-Nov-1984,D
12850,31-Dec-1983,AA
12850,26-Jul-1997,AAA
12850,11-Mar-1999,AA
11712,31-Dec-1983,CCC
11712,14-Sep-1990,D
13499,31-Dec-1983,A
13499,25-Aug-1999,BBB
13499,01-May-2002,BB
13499,09-Jul-2003,B
14487,31-Dec-1983,AA
14487,09-Jan-2002,AAA
11722,31-Dec-1983,AA
11722,08-Jan-1994,AAA
11722,18-Oct-1999,AA
13866,31-Dec-1983,B
13866,08-Feb-1996,BB
11665,31-Dec-1983,B
11665,08-Sep-1997,BBB
11665,09-Oct-1998,AA
12678,31-Dec-1983,AAA
11020,31-Dec-1983,CCC
11020,15-Oct-1994,D
12278,31-Dec-1983,AAA
12278,15-Sep-1989,AA
13378,31-Dec-1983,B
13378,11-Dec-1987,BB
13378,18-Apr-1993,BBB
13378,29-Dec-1995,BB
13378,21-Jul-1999,B
13378,27-Aug-2001,CCC
12436,31-Dec-1983,CCC
12436,11-Dec-1989,B
12436,22-Mar-1990,BB
12436,24-Dec-1997,BBB
12436,03-Mar-1998,A
13846,31-Dec-1983,B
13846,09-Dec-1992,BB
13846,15-Dec-1996,BBB
13846,04-Mar-2003,B
13381,31-Dec-1983,BBB
13381,19-Jan-1987,A
13381,07-Apr-1998,AA
10530,31-Dec-1983,CCC
10530,18-Jul-1986,B
10530,09-Oct-1996,BB
10530,08-Aug-1999,B
10530,25-Apr-2002,D
14833,31-Dec-1983,AAA
14833,07-Jun-1989,AA
14833,03-Nov-1999,A
14312,31-Dec-1983,CCC
14312,16-Aug-1988,D
14049,31-Dec-1983,BB
14049,09-Apr-1997,BBB
14049,06-Jul-1998,A
14049,20-Nov-2003,BBB
11049,31-Dec-1983,AAA
11049,04-Mar-1999,AA
10260,31-Dec-1983,A
10260,26-Oct-2003,BBB
10905,31-Dec-1983,B
10905,07-Mar-1987,CCC
10905,04-Feb-1990,D
10797,31-Dec-1983,B
10797,11-Jan-1984,BB
10797,03-Jan-1987,B
10797,19-Dec-1991,BB
10797,20-Nov-1997,BBB
10797,18-Jan-1998,A
10797,01-Sep-2003,BBB
12656,31-Dec-1983,BBB
10394,31-Dec-1983,BBB
10394,22-Dec-1998,A
10394,21-Mar-2003,BBB
12247,31-Dec-1983,CCC
12247,30-Jan-1985,D
10992,31-Dec-1983,B
10992,10-May-2002,CCC
10992,24-Sep-2003,D
14535,31-Dec-1983,AA
14535,07-Aug-1991,A
10485,31-Dec-1983,A
13482,31-Dec-1983,AAA
13482,13-Jun-1999,AA
11301,31-Dec-1983,A
11301,29-Nov-1999,BBB
13273,31-Dec-1983,CCC
13273,01-Jan-1985,B
13273,05-Jul-1990,D
14393,31-Dec-1983,AAA
14393,21-Feb-1990,AA
14754,31-Dec-1983,A
14754,03-Jul-1994,BBB
14754,26-Jul-2001,A
13819,31-Dec-1983,CCC
13819,22-Aug-1985,D
12550,31-Dec-1983,AA
12550,16-Mar-1999,BBB
12550,04-May-2003,BB
14770,31-Dec-1983,CCC
14770,28-Apr-1996,B
14770,12-Aug-1997,BB
13426,31-Dec-1983,B
13426,03-Aug-1997,BB
10644,31-Dec-1983,AA
10644,08-Sep-1997,AAA
10644,01-Mar-1999,AA
14929,31-Dec-1983,AAA
11139,31-Dec-1983,AAA
11139,26-Aug-1990,AA
11139,07-Oct-1997,AAA
12503,31-Dec-1983,A
14152,31-Dec-1983,BB
13038,31-Dec-1983,A
13038,24-May-1991,D
14940,31-Dec-1983,A
14940,24-May-2002,BBB
10541,31-Dec-1983,AAA
12684,31-Dec-1983,BBB
12684,09-Sep-1993,A
10890,31-Dec-1983,B
10890,26-Mar-1984,D
13661,31-Dec-1983,AA
13661,12-Dec-1986,AAA
13661,18-Feb-1990,AA
11893,31-Dec-1983,A
11893,05-Jul-1993,AA
11893,15-Jan-1999,A
11893,24-Apr-2003,BBB
12542,31-Dec-1983,A
12542,27-Apr-1995,BBB
12542,12-Dec-1996,A
12542,16-Mar-1998,AA
12542,27-Jun-1999,A
11393,31-Dec-1983,A
11393,11-Jun-1991,BBB
11393,26-Oct-1999,CCC
11393,06-Jan-2003,D
14138,31-Dec-1983,BBB
14138,14-Oct-1987,BB
14138,16-Jul-1998,BBB
14138,16-Jan-2002,BB
14955,31-Dec-1983,AA
14955,06-Jul-1991,A
14955,11-Jun-1996,AA
14955,28-Jun-2003,A
11058,31-Dec-1983,BBB
11058,28-Aug-1993,A
11058,03-Jul-1999,BBB
14258,31-Dec-1983,AAA
14258,27-Sep-1999,AA
14581,31-Dec-1983,BBB
14581,10-Dec-1996,A
14581,18-Oct-1997,AAA
10273,31-Dec-1983,AA
10273,08-Jun-1987,BBB
10273,01-Feb-2002,D
14213,31-Dec-1983,B
14213,06-Dec-1986,BBB
14213,17-May-1996,A
14213,04-Oct-1999,BBB
13191,31-Dec-1983,B
13191,20-Oct-1986,BB
13191,20-Oct-1993,BBB
13191,05-Aug-1994,A
13191,27-Apr-1996,AA
11500,31-Dec-1983,BBB
11500,29-Sep-2000,A
11196,31-Dec-1983,AA
11196,22-Jun-1999,A
11196,06-Jul-2000,AA
11196,24-Jun-2002,A
13916,31-Dec-1983,AAA
13717,31-Dec-1983,BBB
13245,31-Dec-1983,A
13245,03-Jun-1985,BBB
13245,05-Mar-1990,A
13245,12-Apr-1991,BBB
13245,16-Nov-1999,BB
11587,31-Dec-1983,CCC
11587,14-Nov-1984,D
10949,31-Dec-1983,CCC
10949,27-Jun-1984,D
11055,31-Dec-1983,AAA
11055,09-Aug-1987,A
11055,18-Sep-1994,AA
11055,20-Feb-1999,A
13956,31-Dec-1983,AA
13956,31-Jul-2002,A
12340,31-Dec-1983,BB
12340,12-Mar-1993,BBB
12340,23-Jan-1997,A
12340,23-Jan-1998,AA
12340,09-Dec-1999,A
11626,31-Dec-1983,AA
11626,08-Jul-1989,A
11626,23-Feb-1997,BBB
11970,31-Dec-1983,CCC
11970,24-Aug-1991,D
10152,31-Dec-1983,B
10152,01-Aug-1986,BB
10152,24-Apr-1997,A
10781,31-Dec-1983,A
10781,02-Sep-1991,BB
10781,24-May-2000,BBB
12152,31-Dec-1983,BB
12152,21-Mar-1985,CCC
12152,28-Mar-1986,D
11159,31-Dec-1983,BB
11159,20-May-1996,BBB
13897,31-Dec-1983,CCC
13897,12-Jan-1995,B
13897,05-May-2000,BB
10313,31-Dec-1983,BB
10313,20-Jul-1998,A
10313,22-Jul-1999,BBB
10313,24-Jan-2000,A
10313,31-Jul-2001,BBB
12622,31-Dec-1983,A
12622,22-Jun-1986,AA
12622,29-Aug-1997,AAA
12622,13-Oct-1999,AA
12707,31-Dec-1983,BBB
12707,10-Mar-1986,A
12707,16-Dec-2001,BBB
12707,14-Jul-2002,A
13490,31-Dec-1983,B
13490,29-Nov-2000,BB
13490,23-Aug-2001,BBB
14318,31-Dec-1983,B
14318,25-Feb-1986,BB
14318,19-Jan-1997,BBB
14318,05-Jan-1999,BB
10706,31-Dec-1983,AA
10706,12-Mar-1987,A
10706,11-Jul-1994,AA
10706,22-Feb-1998,AAA
10706,26-Jan-1999,AA
13188,31-Dec-1983,BBB
13188,21-Jul-1999,BB
12052,31-Dec-1983,AA
12052,24-Dec-1999,A
14447,31-Dec-1983,A
14116,31-Dec-1983,B
14116,28-Feb-1984,CCC
14116,26-Feb-1987,D
13703,31-Dec-1983,AA
11144,31-Dec-1983,BBB
11144,28-Feb-1997,A
11144,28-Jan-1998,AA
11144,19-Sep-1999,BB
12038,31-Dec-1983,AA
12038,11-Jun-1984,BB
12038,05-Jul-1991,CCC
12038,08-Aug-2002,D
14289,31-Dec-1983,CCC
14289,18-Nov-1986,BB
14289,13-Feb-1992,B
14289,15-Apr-1997,BB
14289,22-Jan-2003,CCC
12909,31-Dec-1983,CCC
12909,21-Feb-1985,D
12456,31-Dec-1983,BBB
12456,24-Jan-1997,A
12456,08-Mar-1999,BBB
12602,31-Dec-1983,AAA
12602,07-Oct-1999,BBB
12602,23-Nov-2003,B
13663,31-Dec-1983,AA
13663,08-Jul-1987,A
13663,04-Nov-1997,AA
14172,31-Dec-1983,B
14172,24-Mar-1985,D
13150,31-Dec-1983,B
13150,04-Jun-1996,BB
13150,14-May-1998,BBB
14712,31-Dec-1983,B
14712,11-Sep-1990,BB
14712,10-Dec-1993,BBB
14712,20-Mar-1994,A
11262,31-Dec-1983,BBB
11262,01-Oct-1992,A
11262,08-Jul-1995,BBB
11438,31-Dec-1983,BB
11438,04-Oct-1992,D
12517,31-Dec-1983,CCC
12517,17-Nov-1990,D
12361,31-Dec-1983,AAA
12361,27-Mar-2002,AA
12566,31-Dec-1983,CCC
12566,08-Dec-1984,D
10190,31-Dec-1983,B
10190,09-Jan-1986,BB
10190,23-Jul-1999,BBB
14419,31-Dec-1983,AA
12639,31-Dec-1983,AAA
14085,31-Dec-1983,CCC
14085,20-Nov-1992,B
14085,01-Mar-1998,BB
13803,31-Dec-1983,BB
13803,04-Jun-1986,BBB
13803,29-Apr-2003,BB
10757,31-Dec-1983,AA
10757,26-Jul-1990,AAA
11737,31-Dec-1983,CCC
11737,28-Oct-1999,D
12733,31-Dec-1983,CCC
12733,22-May-1989,B
12733,14-Aug-1997,BB
12733,18-Dec-1998,BBB
12733,29-Oct-2002,BB
14114,31-Dec-1983,BB
14114,23-Oct-1996,BBB
14114,14-Dec-1997,A
14114,07-Mar-1998,AA
14114,01-Sep-1999,A
11270,31-Dec-1983,A
11270,25-Sep-1993,BB
11270,26-Oct-1994,BBB
11270,05-Sep-1997,AA
11270,30-Apr-1999,A
14669,31-Dec-1983,BB
14669,12-Jan-1999,D
11523,31-Dec-1983,CCC
11523,12-Feb-1985,D
13789,31-Dec-1983,A
13789,13-Apr-2002,BBB
11682,31-Dec-1983,BBB
11682,01-Nov-1984,BB
11682,24-Nov-2002,D
11566,31-Dec-1983,BB
11566,13-Jun-1997,BBB
11075,31-Dec-1983,BBB
11075,26-Dec-1987,BB
11075,12-Jan-1993,BBB
11075,09-Nov-1994,A
11075,11-Jul-1997,AAA
11075,22-Dec-2002,A
11483,31-Dec-1983,AAA
11483,16-Nov-2001,AA
10950,31-Dec-1983,B
10950,27-Feb-1990,BB
10950,08-May-1991,B
10950,21-Jan-1997,BB
10950,11-Jun-1999,B
10197,31-Dec-1983,BB
10197,09-Jun-1991,B
10197,28-Apr-1996,BBB
10197,29-Nov-1997,A
10197,29-Jun-1998,AA
10197,16-Sep-2003,A
14342,31-Dec-1983,CCC
14342,30-Aug-1984,D
14649,31-Dec-1983,BBB
14649,30-Oct-1990,B
14649,04-Apr-2003,D
13797,31-Dec-1983,CCC
13797,07-Oct-1984,D
12992,31-Dec-1983,AA
12992,29-May-1985,A
12992,20-Jan-1998,AA
12992,13-Nov-2003,A
11239,31-Dec-1983,B
11239,20-Dec-1996,BB
11239,11-Feb-1998,BBB
14288,31-Dec-1983,AA
14288,04-Jul-1985,A
14288,02-Oct-2002,BBB
13685,31-Dec-1983,BBB
13685,09-Feb-1988,A
11659,31-Dec-1983,B
11659,12-Jan-1986,BB
11659,10-Jun-1993,A
11659,16-Feb-1996,AA
12867,31-Dec-1983,BBB
12867,20-Dec-1986,BB
12867,09-Dec-1997,BBB
12867,06-Dec-1999,BB
12867,25-Dec-2003,B
12236,31-Dec-1983,CCC
12236,09-Sep-1991,D
14586,31-Dec-1983,A
14696,31-Dec-1983,AAA
14696,13-Sep-1999,AA
14696,15-May-2003,A
12233,31-Dec-1983,BB
14675,31-Dec-1983,A
14859,31-Dec-1983,AA
14859,23-Jan-1995,A
12539,31-Dec-1983,CCC
12539,10-Jun-1985,D
13698,31-Dec-1983,A
13698,16-Jul-1996,AA
12464,31-Dec-1983,AAA
10827,31-Dec-1983,CCC
10827,16-Jul-1993,B
10827,13-Oct-1998,BB
10827,07-Aug-2000,BBB
12815,31-Dec-1983,AAA
12815,11-Dec-1991,BBB
11474,31-Dec-1983,CCC
11474,18-Aug-1986,D
13237,31-Dec-1983,AA
12234,31-Dec-1983,AAA
12234,16-Nov-1991,AA
13607,31-Dec-1983,BB
13607,13-Feb-2002,B
12420,31-Dec-1983,AA
12420,23-Oct-1990,A
12420,22-Dec-1991,BB
12420,25-Mar-1998,BBB
12168,31-Dec-1983,BB
12168,29-Nov-1985,B
12168,03-Sep-1986,BB
12168,21-Sep-1988,BBB
12168,07-Sep-1989,BB
12168,17-Oct-1999,B
12832,31-Dec-1983,A
12832,11-Jul-1996,BBB
12832,02-Oct-2002,BB
11345,31-Dec-1983,AA
11345,02-Jul-1997,AAA
13627,31-Dec-1983,AAA
13627,26-Nov-1984,A
13627,14-Feb-2003,BB
11323,31-Dec-1983,AAA
11323,06-Nov-1988,AA
13986,31-Dec-1983,AA
13986,04-Mar-1999,A
13986,05-Oct-2002,BBB
11541,31-Dec-1983,A
11541,16-Jun-1996,AA
11541,09-Aug-1999,A
11541,12-May-2001,AA
10593,31-Dec-1983,A
10593,26-May-1996,AA
10593,23-Sep-2000,AAA
11353,31-Dec-1983,B
11353,14-Dec-1990,BB
11353,16-Nov-1996,BBB
11353,10-Aug-1998,A
11353,19-Dec-2002,BBB
14806,31-Dec-1983,BBB
14806,19-Aug-1984,BB
14806,10-Oct-1985,B
14806,23-Nov-1994,BB
14806,23-Mar-1995,B
14806,05-Feb-1998,BB
14806,29-Oct-2000,BBB
12422,31-Dec-1983,AAA
12422,03-Jun-1984,AA
12668,31-Dec-1983,BBB
12668,22-Sep-1993,A
12668,07-Dec-1999,BBB
12668,18-Apr-2003,BB
14735,31-Dec-1983,A
12663,31-Dec-1983,AA
12663,23-Apr-1996,A
12663,19-Jul-1999,BBB
12663,20-Jul-2003,BB
14552,31-Dec-1983,CCC
14552,21-Aug-1984,D
13465,31-Dec-1983,BBB
13465,05-Aug-1992,BB
13465,27-Feb-1995,B
13465,01-Jun-1998,BB
13465,14-May-1999,B
11141,31-Dec-1983,A
11141,29-Jan-1996,AA
11141,27-Mar-1999,A
14283,31-Dec-1983,BBB
14283,28-Dec-1991,BB
13793,31-Dec-1983,BB
13793,27-Nov-1987,B
13793,15-Oct-1997,BBB
12791,31-Dec-1983,CCC
12791,18-Feb-1984,D
10206,31-Dec-1983,B
10206,19-Jul-1996,BB
10206,19-Jan-1998,BBB
10886,31-Dec-1983,B
10886,03-Sep-1986,BB
10886,27-Oct-1998,A
11332,31-Dec-1983,BBB
12416,31-Dec-1983,B
12416,28-Nov-1989,BB
12972,31-Dec-1983,AAA
12972,22-Feb-1991,AA
12972,20-Apr-2000,AAA
12972,11-Oct-2002,AA
11288,31-Dec-1983,A
11288,26-Jun-1998,AA
11288,18-Jul-2000,AAA
13370,31-Dec-1983,CCC
13370,16-Nov-1984,D
13182,31-Dec-1983,BB
13182,26-Dec-1993,BBB
13182,07-Jan-1996,A
10940,31-Dec-1983,AA
10940,08-May-1999,A
10312,31-Dec-1983,B
10312,14-Jul-1997,BB
10312,29-Sep-1999,B
10312,20-Dec-2003,CCC
14181,31-Dec-1983,A
14181,10-Sep-1990,BB
14181,09-Apr-2003,B
14286,31-Dec-1983,BB
14286,13-Dec-1984,B
14286,27-Nov-1989,BB
14286,15-Jun-1997,BBB
14286,24-Sep-2003,BB
10402,31-Dec-1983,AA
10402,22-Jul-1984,A
10402,28-Dec-1993,AA
10402,22-May-1999,A
13441,31-Dec-1983,BB
13811,31-Dec-1983,CCC
13811,17-Nov-1984,D
10956,31-Dec-1983,AAA
12518,31-Dec-1983,BB
12518,22-Nov-1990,BBB
12518,20-May-1996,A
12518,22-Sep-1998,AA
12518,29-Nov-2000,AAA
10904,31-Dec-1983,CCC
10904,26-Nov-1985,D
12178,31-Dec-1983,AA
12178,29-Jan-1984,BBB
12178,12-Jan-1997,A
12178,27-Jul-2003,BBB
14029,31-Dec-1983,B
14029,03-Jan-1991,CCC
14029,13-Mar-1998,BB
14029,07-Jan-1999,D
13544,31-Dec-1983,BB
13544,16-Oct-1998,BBB
11427,31-Dec-1983,AA
12560,31-Dec-1983,BB
12560,10-Mar-1990,B
12560,13-Dec-1996,BB
13321,31-Dec-1983,AAA
13321,08-Oct-1999,BBB
13321,25-Oct-2003,BB
11124,31-Dec-1983,CCC
11124,04-Jun-1994,B
13935,31-Dec-1983,AAA
13252,31-Dec-1983,AAA
13252,18-Apr-1984,AA
13960,31-Dec-1983,B
13960,05-Sep-1987,BB
13960,09-Nov-1998,BBB
12679,31-Dec-1983,BBB
12679,14-Nov-1985,BB
12679,23-Nov-1990,B
12679,03-Nov-1995,CCC
12679,26-Jun-1999,D
11879,31-Dec-1983,AA
11879,27-Jun-1990,A
11879,23-Jan-1996,AA
14460,31-Dec-1983,CCC
14460,15-Jun-1988,D
11592,31-Dec-1983,A
12360,31-Dec-1983,AAA
10345,31-Dec-1983,AAA
12334,31-Dec-1983,B
12334,05-Aug-1987,CCC
12334,09-Feb-1990,B
12334,05-May-1993,BB
12334,06-Apr-1997,BBB
13089,31-Dec-1983,BB
13089,30-Jul-1991,B
13089,07-Jun-1998,BB
13089,31-May-1999,B
11624,31-Dec-1983,CCC
11624,19-Jan-1984,B
11624,04-Apr-1986,BB
11624,30-Mar-1990,B
11624,15-Sep-1993,BB
11624,28-Aug-2003,D
11105,31-Dec-1983,B
11105,12-Feb-1995,BB
11982,31-Dec-1983,CCC
11982,16-Feb-1984,D
11604,31-Dec-1983,BBB
11604,28-Jan-1987,BB
11604,25-Sep-1989,A
14576,31-Dec-1983,BBB
14576,21-Jul-1985,BB
14576,31-Oct-1991,B
14576,07-Feb-1996,BB
14576,03-Apr-1997,BBB
12060,31-Dec-1983,B
12060,19-Jan-1984,CCC
12060,27-Aug-1999,D
13596,31-Dec-1983,AA
13596,11-Apr-1986,A
13596,15-Sep-1988,AA
13753,31-Dec-1983,BBB
13753,16-Feb-1989,BB
13753,10-Jul-1995,B
13753,16-Jan-2002,CCC
14089,31-Dec-1983,AA
14089,05-Feb-1991,BBB
14089,19-Jun-1996,A
14089,16-Sep-1998,AA
14089,07-Aug-2002,A
10226,31-Dec-1983,AAA
10226,15-Mar-1995,AA
11890,31-Dec-1983,BBB
11890,13-Aug-2000,A
14149,31-Dec-1983,AAA
14149,11-Sep-1984,AA
14465,31-Dec-1983,B
14465,24-Apr-1985,D
12673,31-Dec-1983,BBB
12673,20-Oct-1986,A
12673,05-Mar-1996,BB
13749,31-Dec-1983,AAA
13749,29-Mar-2002,AA
11717,31-Dec-1983,AA
11717,05-Aug-2002,A
14344,31-Dec-1983,BBB
14344,12-Nov-1996,A
14344,25-Oct-1999,BBB
13487,31-Dec-1983,BBB
12859,31-Dec-1983,B
12859,03-Aug-1985,D
12412,31-Dec-1983,AAA
12412,31-Dec-2001,A
10748,31-Dec-1983,AAA
11132,31-Dec-1983,BB
11132,10-Dec-1996,BBB
11132,16-Oct-1997,A
11132,25-May-1999,BBB
13231,31-Dec-1983,CCC
13231,14-Nov-1987,D
12641,31-Dec-1983,B
12641,03-Sep-1998,BB
12641,29-Mar-1999,D
12137,31-Dec-1983,B
12137,02-Mar-1994,BB
12137,10-Nov-1998,BBB
12137,29-Apr-2002,BB
10536,31-Dec-1983,AA
12698,31-Dec-1983,AA
12698,28-Apr-2002,A
14700,31-Dec-1983,BB
14700,25-May-1992,B
14700,05-Oct-1995,BB
14700,28-Feb-1998,BBB
13847,31-Dec-1983,AAA
13847,08-Sep-2002,AA
12933,31-Dec-1983,BBB
12933,22-Aug-2001,A
10392,31-Dec-1983,B
10392,26-Oct-1989,BB
10392,18-May-1991,D
10680,31-Dec-1983,A
10680,09-Feb-1986,AA
10680,09-Nov-1988,A
10680,17-Sep-1990,AA
10680,28-Jul-2002,A
13178,31-Dec-1983,AAA
13178,27-Sep-1984,AA
13178,02-Oct-1999,A
13806,31-Dec-1983,BBB
13806,21-Jul-1985,BB
12655,31-Dec-1983,A
12655,19-Oct-1986,BBB
12655,01-Sep-1991,BB
12655,14-Jul-1998,BBB
11867,31-Dec-1983,A
11867,07-Sep-2000,AA
11867,14-Dec-2001,AAA
10388,31-Dec-1983,B
10388,16-Aug-1984,CCC
10388,25-Oct-1988,B
10388,09-Mar-1991,BB
10388,01-Oct-1997,BBB
10388,21-Mar-2000,A
10388,01-Jun-2001,BBB
14511,31-Dec-1983,A
14511,15-Oct-1985,AA
14921,31-Dec-1983,BB
14921,25-May-1996,BBB
11817,31-Dec-1983,B
11817,16-Jan-1997,BB
12324,31-Dec-1983,AAA
12324,13-Mar-1984,AA
12324,15-Jan-1987,BBB
12324,21-Aug-1991,BB
12324,01-Apr-1992,B
14644,31-Dec-1983,BB
14644,02-Jun-1999,B
14644,03-Mar-2002,D
10297,31-Dec-1983,BB
10297,18-Nov-1985,B
10297,04-May-1997,BB
10297,15-Mar-2000,BBB
10297,17-Oct-2002,A
13458,31-Dec-1983,B
14869,31-Dec-1983,AA
11542,31-Dec-1983,A
11542,08-Jan-1990,BBB
11542,14-Jan-1996,A
11542,12-Jul-1999,BBB
12666,31-Dec-1983,A
12666,06-Dec-1986,BBB
12666,07-Aug-1997,A
12666,07-Aug-1999,BBB
12666,22-Aug-2000,A
13006,31-Dec-1983,AAA
14145,31-Dec-1983,BB
14145,02-Dec-1987,B
14145,21-Mar-1991,D
10832,31-Dec-1983,B
10832,18-Nov-1986,BB
10832,17-Jan-1991,B
10832,23-Oct-1998,BB
10832,11-Jan-1999,B
10832,30-May-2000,BB
14239,31-Dec-1983,AA
14239,05-Aug-1999,D
12146,31-Dec-1983,BBB
12146,12-Mar-1997,A
12146,17-Oct-1999,BBB
12146,18-Mar-2003,BB
14875,31-Dec-1983,CCC
14875,03-Mar-1988,D
12913,31-Dec-1983,A
10613,31-Dec-1983,AAA
10613,12-Aug-1999,AA
14122,31-Dec-1983,AA
14122,09-Dec-2000,AAA
12496,31-Dec-1983,BB
12496,29-Aug-1996,A
12496,19-Mar-1999,BBB
13193,31-Dec-1983,A
11561,31-Dec-1983,CCC
11561,29-Nov-1989,B
11561,18-May-1998,BB
13363,31-Dec-1983,AA
13363,12-Jan-1998,AAA
11648,31-Dec-1983,A
11648,23-Mar-1999,BBB
12252,31-Dec-1983,BB
12252,26-Nov-1996,BBB
12252,13-Nov-2000,A
14689,31-Dec-1983,B
14689,31-Jul-2000,BB
10651,31-Dec-1983,BBB
10651,23-Jul-1986,A
10651,31-Dec-1996,AA
10651,15-Feb-1999,A
10651,19-Mar-2002,BBB
12314,31-Dec-1983,B
12314,28-Oct-1985,D
13349,31-Dec-1983,CCC
13349,20-May-1984,D
13534,31-Dec-1983,AAA
13534,26-Apr-1999,AA
12528,31-Dec-1983,A
10284,31-Dec-1983,BBB
11757,31-Dec-1983,AA
11757,04-Apr-1996,AAA
10127,31-Dec-1983,BBB
10127,18-Apr-1998,A
14694,31-Dec-1983,CCC
14694,04-Jun-1984,D
14714,31-Dec-1983,BB
14714,11-Mar-1986,BBB
14714,26-Jul-1991,BB
14714,28-Aug-1998,BBB
14714,07-Sep-2003,BB
13532,31-Dec-1983,AA
13532,09-May-1991,BBB
12130,31-Dec-1983,B
12130,15-Dec-1984,D
11752,31-Dec-1983,CCC
11752,29-Mar-1985,B
11752,30-Sep-1989,BB
11752,22-May-1997,BBB
11707,31-Dec-1983,BB
11707,04-Nov-1988,BBB
11707,15-May-1991,BB
12217,31-Dec-1983,AAA
12217,15-Sep-1999,AA
14412,31-Dec-1983,CCC
14412,06-May-1985,D
14673,31-Dec-1983,AA
14673,16-Nov-1997,AAA
14673,30-Sep-2002,AA
13845,31-Dec-1983,B
13845,07-Jun-1985,BB
12401,31-Dec-1983,CCC
12401,26-May-1986,B
13376,31-Dec-1983,B
13376,16-May-1986,BB
13376,10-Jun-1999,B
13376,18-May-2001,BB
14190,31-Dec-1983,BB
14190,26-Jan-1984,B
14190,09-Jun-1986,BB
14190,08-Aug-1988,BBB
14190,20-Apr-1992,BB
14190,28-May-1993,BBB
14190,05-Feb-1999,BB
14190,22-Jun-2000,BBB
13720,31-Dec-1983,CCC
13720,16-Apr-1987,D
10416,31-Dec-1983,AA
10416,05-Jan-1995,A
10782,31-Dec-1983,AA
10782,18-Nov-1997,AAA
10782,17-Mar-2002,AA
10798,31-Dec-1983,AA
10798,06-Sep-1999,A
10798,25-Feb-2000,AA
12320,31-Dec-1983,BB
12320,21-Dec-1998,BBB
14074,31-Dec-1983,CCC
14074,02-Jul-1985,D
12283,31-Dec-1983,B
12283,21-Nov-1986,BB
12283,22-Sep-1997,BBB
12283,30-Jun-1998,A
14455,31-Dec-1983,A
14455,09-Aug-1996,AAA
14455,07-May-2003,AA
11287,31-Dec-1983,BB
11287,11-Jul-1997,BBB
11287,17-Oct-1998,A
11287,09-Apr-1999,BBB
11287,16-Apr-2001,A
11257,31-Dec-1983,A
11257,07-May-1991,BBB
11257,15-Nov-1997,BB
11257,03-Feb-1998,BBB
10378,31-Dec-1983,BB
10378,15-Mar-1996,BBB
11698,31-Dec-1983,CCC
11698,19-Apr-1984,D
11876,31-Dec-1983,B
11876,08-May-1999,CCC
13767,31-Dec-1983,AA
13767,22-Sep-1990,A
13767,19-Nov-1996,AA
13767,18-Jan-1999,BBB
12301,31-Dec-1983,AA
12301,28-Jan-1984,A
14518,31-Dec-1983,AA
14518,05-Jan-1984,A
14518,11-Mar-1991,BBB
14518,09-Jan-1993,A
14518,20-Jun-1997,AA
14518,29-Mar-1998,AAA
14518,01-Dec-1999,AA
14518,18-Sep-2002,A
11043,31-Dec-1983,BBB
11043,26-Jun-1984,BB
11043,28-Jan-1996,BBB
11043,12-Jul-1999,BB
14494,31-Dec-1983,AAA
14494,30-Aug-1984,AA
14494,09-Aug-1986,A
14494,02-Jun-1995,BBB
11844,31-Dec-1983,AA
11844,09-Feb-1995,AAA
11954,31-Dec-1983,AA
11954,25-Oct-1999,BBB
11954,31-Mar-2001,A
12885,31-Dec-1983,AAA
13944,31-Dec-1983,AA
13944,04-Jul-1984,A
13944,20-Oct-1985,BBB
13944,05-Jul-1989,A
13944,20-Apr-1999,BBB
14291,31-Dec-1983,AAA
14291,10-Nov-1985,AA
14291,20-Jan-1989,AAA
14291,23-Sep-1997,AA
14291,24-Nov-1999,A
14291,18-Jun-2001,AA
12681,31-Dec-1983,A
12681,19-Jun-1996,AA
14010,31-Dec-1983,AAA
13566,31-Dec-1983,AA
13566,25-Feb-1984,A
13566,17-Dec-1998,AA
13566,15-Nov-1999,BBB
11846,31-Dec-1983,BBB
11846,26-Jun-1984,BB
11846,28-May-1985,B
11846,15-Feb-1997,A
12912,31-Dec-1983,B
12912,03-Dec-1988,BBB
12912,02-Jan-1991,BB
12912,08-Mar-1996,BBB
12912,28-Apr-1998,A
13259,31-Dec-1983,A
13259,18-Jan-1986,AA
13259,21-Feb-1999,A
11477,31-Dec-1983,A
11477,23-Sep-1999,BBB
11477,25-Jun-2001,A
12761,31-Dec-1983,A
12761,03-May-1986,AA
12761,27-Mar-1991,A
10579,31-Dec-1983,AAA
10579,13-Jun-2003,AA
12792,31-Dec-1983,BBB
12792,08-Mar-1998,A
12792,28-Apr-2002,BBB
12792,06-Apr-2003,BB
13247,31-Dec-1983,A
11503,31-Dec-1983,B
11503,29-Oct-1996,BB
11503,11-Sep-2003,B
11300,31-Dec-1983,BBB
11300,01-May-1997,A
11300,30-Jul-1998,AA
10737,31-Dec-1983,BB
10737,14-Apr-1996,BBB
10534,31-Dec-1983,AAA
10534,06-Apr-1999,A
12135,31-Dec-1983,BB
12135,04-Apr-1997,BBB
12135,04-Sep-1998,A
12135,08-Jul-1999,BBB
12135,28-Jan-2001,A
12022,31-Dec-1983,AAA
12022,20-Jan-1985,AA
12022,04-Apr-1999,BBB
12022,09-Jun-2002,BB
13680,31-Dec-1983,BB
13680,13-Apr-1990,CCC
13680,04-Sep-1998,B
13680,12-Dec-2001,BB
13680,09-Oct-2003,D
12998,31-Dec-1983,A
12998,20-Aug-1991,BB
12998,02-Oct-2002,B
14705,31-Dec-1983,CCC
14705,29-Sep-1985,D
11340,31-Dec-1983,CCC
11010,31-Dec-1983,BB
11010,01-Aug-1987,B
11010,09-Oct-1991,CCC
11010,23-May-1997,B
14747,31-Dec-1983,AAA
14747,08-Aug-1984,A
14747,31-Mar-1994,AA
14747,15-Apr-1997,AAA
14747,07-Jan-1999,AA
14747,06-May-2002,A
13428,31-Dec-1983,B
13428,20-Feb-1992,CCC
13428,30-May-1994,D
13224,31-Dec-1983,AAA
13224,24-Feb-1999,AA
10882,31-Dec-1983,AAA
10882,29-Oct-1991,AA
14767,31-Dec-1983,BB
14767,26-Sep-1989,B
14767,05-Feb-1993,BB
14767,26-Oct-1998,BBB
14767,23-Mar-2001,A
14360,31-Dec-1983,A
14360,08-Feb-1987,AA
10763,31-Dec-1983,AA
10763,29-Aug-1984,A
10763,14-Dec-1998,BBB
11713,31-Dec-1983,BB
11713,24-Oct-1996,BBB
11713,15-Aug-1997,A
11713,29-Apr-1998,AA
12971,31-Dec-1983,BBB
12971,10-Apr-1984,BB
12971,07-Jun-1995,BBB
12971,07-May-1997,A
12971,16-Nov-1999,BBB
12971,02-Jan-2000,A
12786,31-Dec-1983,CCC
12786,11-Sep-1990,D
10913,31-Dec-1983,AA
14234,31-Dec-1983,AA
14234,03-May-1991,A
14234,21-Apr-1994,BBB
13413,31-Dec-1983,BB
13413,24-Aug-1985,CCC
13413,02-Dec-1989,D
14137,31-Dec-1983,A
14137,21-Nov-1984,BBB
12956,31-Dec-1983,AAA
12956,29-Dec-1999,AA
12956,26-Jan-2003,A
10442,31-Dec-1983,A
10442,16-Feb-1992,AA
10442,24-Dec-1999,A
11261,31-Dec-1983,AAA
12303,31-Dec-1983,B
12303,01-Feb-1989,CCC
12303,07-Sep-1990,D
11579,31-Dec-1983,AA
11579,05-Dec-1998,AAA
11579,20-Feb-2000,AA
12367,31-Dec-1983,CCC
12367,18-Nov-1985,D
10585,31-Dec-1983,AAA
11515,31-Dec-1983,B
11515,07-Jan-1986,BB
11515,04-May-1988,B
11515,27-Mar-1989,BB
11515,25-Dec-2002,B
13536,31-Dec-1983,CCC
13536,05-Nov-1986,D
10294,31-Dec-1983,BB
10294,16-Oct-1985,BBB
10294,24-Nov-1990,A
12637,31-Dec-1983,BB
12637,11-Oct-1998,BBB
12637,01-Nov-1999,B
13174,31-Dec-1983,B
13174,26-Apr-1984,CCC
13174,27-Sep-1988,D
13572,31-Dec-1983,AA
13572,30-Aug-1984,BB
14442,31-Dec-1983,BB
14442,15-Apr-1997,BBB
14442,03-May-1998,A
12073,31-Dec-1983,B
12073,27-Nov-1985,D
11701,31-Dec-1983,AAA
11701,11-Jan-1985,AA
11701,11-Sep-1999,A
12561,31-Dec-1983,CCC
12561,17-Mar-1986,D
13408,31-Dec-1983,A
13408,27-Oct-1997,AA
13408,20-Mar-1999,A
13408,05-Feb-2000,BB
13015,31-Dec-1983,BB
13015,14-Aug-1985,B
13015,06-Feb-1998,BB
13015,18-Oct-2002,B
13563,31-Dec-1983,AA
13563,25-Nov-1984,BBB
10238,31-Dec-1983,CCC
10238,23-Apr-1984,D
10684,31-Dec-1983,AA
10684,12-Apr-1993,AAA
10684,02-Jan-2002,AA
10187,31-Dec-1983,BBB
10187,29-Jun-1984,BB
10187,26-Dec-1987,D
11394,31-Dec-1983,B
11394,26-Sep-1987,BB
11394,23-Apr-1989,B
11394,07-Aug-1994,BB
11394,12-Oct-1996,BBB
11683,31-Dec-1983,BBB
11683,09-Feb-1988,A
11683,30-Jul-1993,AA
11683,13-Nov-1998,AAA
13445,31-Dec-1983,BB
13445,08-Sep-1997,BBB
13445,29-Mar-2001,A
13445,05-May-2002,BB
10790,31-Dec-1983,AA
10790,17-Jul-1984,A
10790,24-Jan-1988,AA
12562,31-Dec-1983,AA
12562,29-May-1996,AAA
12562,27-Mar-2002,AA
11926,31-Dec-1983,A
11926,26-Jun-1996,AA
11926,21-Oct-2003,A
14011,31-Dec-1983,AAA
14513,31-Dec-1983,B
14513,17-May-1991,CCC
12886,31-Dec-1983,CCC
12886,08-Jul-1985,D
10693,31-Dec-1983,AA
13272,31-Dec-1983,BB
13272,03-Feb-1997,BBB
12580,31-Dec-1983,B
12580,27-Nov-1990,BB
12580,16-Mar-1997,BBB
12580,19-May-2003,BB
13777,31-Dec-1983,AAA
13777,29-Aug-1994,AA
13911,31-Dec-1983,CCC
13911,03-Oct-1985,D
14090,31-Dec-1983,AA
14596,31-Dec-1983,AA
14930,31-Dec-1983,BB
14930,04-Mar-1989,BBB
14930,07-Jul-1997,A
14930,29-Dec-1998,AA
14930,15-Sep-1999,A
12108,31-Dec-1983,CCC
12108,29-Jan-1996,B
12108,15-Jan-1999,D
13618,31-Dec-1983,A
13618,28-Jun-1991,BBB
14242,31-Dec-1983,A
14242,12-Jun-1991,BBB
14242,26-Jun-2003,BB
12943,31-Dec-1983,AA
12943,01-Mar-2003,BBB
12891,31-Dec-1983,BB
12891,11-May-1998,D
13064,31-Dec-1983,BBB
13064,17-Nov-1991,BB
13064,28-Sep-1993,BBB
13064,01-Jun-1998,A
13527,31-Dec-1983,BBB
13527,27-Nov-1999,BB
10462,31-Dec-1983,A
10462,03-Feb-1993,AA
10462,07-Mar-1994,A
10462,11-Dec-1999,BBB
13917,31-Dec-1983,BBB
13917,05-Feb-1987,BB
13917,21-May-1993,BBB
13917,15-Apr-1997,A
13917,26-Jan-1998,AA
13917,12-Mar-2003,A
10410,31-Dec-1983,AA
10410,01-Jun-2002,A
10556,31-Dec-1983,A
10556,16-Apr-1999,BB
10556,13-Sep-2003,CCC
13584,31-Dec-1983,CCC
13584,28-Mar-1987,D
13184,31-Dec-1983,BBB
13184,16-Dec-1997,A
13184,21-Apr-1999,BBB
14741,31-Dec-1983,B
14741,25-Feb-1988,BB
14741,21-Jul-1990,B
14741,15-Oct-1994,BB
14741,11-Jun-1997,BBB
11450,31-Dec-1983,AA
11450,29-Dec-1999,A
12331,31-Dec-1983,B
12331,08-Jun-1986,CCC
12331,21-Apr-1987,D
10728,31-Dec-1983,B
10728,30-Mar-1984,CCC
10728,16-Dec-1994,B
10728,22-Mar-1997,BB
12985,31-Dec-1983,CCC
12985,24-May-1991,D
14924,31-Dec-1983,AAA
12531,31-Dec-1983,BB
12531,22-Mar-1984,B
12531,08-Apr-1993,BB
12531,01-Jun-1997,AA
12531,30-Dec-2003,A
11045,31-Dec-1983,AA
11045,28-Nov-2003,A
14901,31-Dec-1983,AAA
14901,19-Jul-1997,AA
14901,05-Aug-2002,A
13416,31-Dec-1983,B
13416,28-Jan-1984,CCC
13416,29-Jul-1985,D
14287,31-Dec-1983,AAA
14287,23-Nov-1995,AA
13065,31-Dec-1983,A
12553,31-Dec-1983,CCC
12553,17-Jun-1992,D
13895,31-Dec-1983,BB
13895,25-May-1993,BBB
13895,07-Feb-1997,A
13895,26-Aug-1999,BB
13895,27-Dec-2003,B
13678,31-Dec-1983,AA
13678,04-Sep-1997,AAA
14191,31-Dec-1983,BB
14191,04-Jun-1996,BBB
14191,27-Aug-1999,BB
14191,02-Aug-2000,BBB
14082,31-Dec-1983,AA
14082,28-Sep-1991,A
14082,21-Aug-2002,BBB
14482,31-Dec-1983,A
14482,02-Jul-1992,BBB
14482,08-Dec-1998,BB
14482,08-Aug-2003,B
12155,31-Dec-1983,A
12155,20-Aug-1988,AA
13211,31-Dec-1983,BB
13211,13-Sep-1990,BBB
13211,10-Nov-1996,A
13211,18-May-1997,AA
12577,31-Dec-1983,CCC
12577,16-Sep-1984,D
11138,31-Dec-1983,BBB
11138,09-Jul-1996,A
12102,31-Dec-1983,B
12102,12-May-1984,CCC
12102,07-Jun-1986,B
12102,07-Sep-1987,CCC
12102,23-Mar-1996,B
12102,23-Dec-1999,D
13077,31-Dec-1983,BBB
13712,31-Dec-1983,A
13712,22-Dec-1999,BB
12302,31-Dec-1983,AAA
12721,31-Dec-1983,BBB
12721,15-Apr-1991,A
12721,03-May-1997,AA
12721,29-Dec-1998,AAA
12958,31-Dec-1983,CCC
12958,14-Oct-1984,D
11369,31-Dec-1983,AAA
11369,17-Oct-1999,AA
10750,31-Dec-1983,AA
11273,31-Dec-1983,B
11273,18-Aug-1997,BB
11273,23-Oct-1998,BBB
11273,12-Jun-2000,A
11978,31-Dec-1983,AAA
11978,30-Oct-1999,AA
10732,31-Dec-1983,BBB
10732,15-Feb-2001,A
10710,31-Dec-1983,BB
10710,06-Jul-1985,B
10710,18-Sep-1999,D
12588,31-Dec-1983,B
12588,31-Mar-1993,BB
12588,13-Jul-2003,B
10722,31-Dec-1983,AA
12774,31-Dec-1983,AAA
12774,19-May-1999,AA
12552,31-Dec-1983,AAA
12552,19-Oct-1991,AA
12552,01-Sep-2002,A
12966,31-Dec-1983,AAA
12966,24-Dec-1984,AA
12966,07-Dec-1992,BBB
12966,29-Jul-1993,A
10619,31-Dec-1983,BBB
10619,29-Jan-1986,A
14350,31-Dec-1983,BB
14350,31-May-1991,B
14350,06-Mar-1996,BB
14350,29-Dec-1997,BBB
14350,08-Jul-1999,BB
14890,31-Dec-1983,A
14890,19-Nov-1987,AA
14664,31-Dec-1983,BB
14664,24-Aug-1998,BBB
14664,19-Jun-1999,BB
14664,03-Feb-2001,AA
10365,31-Dec-1983,AAA
10365,19-Dec-1986,AA
10365,14-Aug-1997,AAA
14784,31-Dec-1983,CCC
14784,25-Feb-1991,D
10924,31-Dec-1983,BB
10924,25-May-1991,B
10924,18-Nov-1993,BB
10924,15-Jul-1996,BBB
10924,17-Jul-1997,A
10924,10-Jun-1998,AA
14598,31-Dec-1983,BBB
14598,08-Mar-1985,BB
14598,31-Mar-1996,BBB
14598,14-Apr-1997,A
14598,12-Jul-1999,BBB
11891,31-Dec-1983,CCC
11891,23-Jul-1985,D
12443,31-Dec-1983,CCC
12443,30-May-1984,D
12159,31-Dec-1983,AA
12159,26-Nov-1989,A
10880,31-Dec-1983,AAA
10880,21-Apr-2002,AA
11537,31-Dec-1983,CCC
11537,24-Aug-1984,D
12189,31-Dec-1983,BBB
12189,15-Apr-1991,BB
12189,03-Apr-1993,BBB
12189,10-May-1997,A
12189,21-Oct-1998,AA
10731,31-Dec-1983,B
10731,15-Jul-1999,D
14001,31-Dec-1983,A
14001,03-Aug-1990,AA
14001,24-Mar-1992,D
14306,31-Dec-1983,BB
14306,06-Feb-1984,B
14306,23-Aug-1989,CCC
14306,23-Dec-1991,D
13822,31-Dec-1983,BB
13822,06-Feb-1996,BBB
10188,31-Dec-1983,A
10188,08-Mar-1984,D
10564,31-Dec-1983,CCC
10564,03-Jan-1986,D
12204,31-Dec-1983,AA
12204,01-Nov-1985,A
12204,24-Jun-1999,BBB
12204,19-Jun-2000,A
10348,31-Dec-1983,BBB
10348,27-Nov-1997,A
10348,01-Jun-2002,BBB
10729,31-Dec-1983,A
10729,17-Jul-1990,BBB
10729,12-Sep-1995,A
13574,31-Dec-1983,AA
13574,28-Jan-1984,A
13574,04-Jul-1999,BBB
10138,31-Dec-1983,CCC
10138,26-Jun-1985,D
14565,31-Dec-1983,BB
14565,08-Nov-1984,B
14565,12-Aug-1986,CCC
14565,11-Feb-1992,D
13284,31-Dec-1983,A
12766,31-Dec-1983,A
12766,09-Aug-1994,AA
12766,29-Feb-1996,BBB
12766,25-May-1997,A
12607,31-Dec-1983,AAA
12607,12-Jul-1984,AA
12607,15-Nov-1990,A
12607,28-Aug-1999,BBB
14746,31-Dec-1983,BBB
14746,14-Oct-2000,BB
14746,14-Feb-2002,BBB
14443,31-Dec-1983,BB
14443,10-Jul-1996,BBB
12512,31-Dec-1983,AAA
12512,24-Nov-1992,AA
12512,08-Feb-2003,A
10979,31-Dec-1983,B
10979,19-Aug-1990,BB
10979,29-Jan-1991,B
12498,31-Dec-1983,BB
12498,30-May-1997,BBB
12498,17-Sep-1998,A
12498,05-Feb-1999,BBB
12304,31-Dec-1983,BBB
12304,22-Oct-1990,BB
12304,20-Aug-1996,B
12304,23-Nov-1999,D
11642,31-Dec-1983,CCC
11642,14-Aug-1999,D
11841,31-Dec-1983,B
11841,31-May-1993,BB
11841,24-Aug-1999,B
14203,31-Dec-1983,BBB
14203,27-Jun-1993,A
14203,03-Feb-1996,AA
14203,20-Aug-1998,AAA
12335,31-Dec-1983,BBB
12335,12-Dec-1991,BB
12335,22-Jun-1997,BBB
12335,08-Aug-1998,A
12335,03-Aug-2003,BBB
11583,31-Dec-1983,BB
11583,22-Mar-1984,B
11583,31-Aug-1986,BB
13674,31-Dec-1983,B
13674,26-Feb-1997,BBB
13674,09-Oct-1998,A
13674,18-Mar-2001,BBB
13674,02-Mar-2003,B
14008,31-Dec-1983,B
14008,21-Sep-1997,BB
14008,03-Apr-1999,D
12638,31-Dec-1983,AA
12638,28-Feb-1987,A
12638,16-Aug-1994,AA
12638,01-Apr-2002,A
10834,31-Dec-1983,AAA
10834,05-Apr-1987,AA
10834,04-Nov-1999,A
13913,31-Dec-1983,BB
13913,25-May-1987,B
13913,07-Feb-1993,BB
12399,31-Dec-1983,CCC
12399,11-Mar-1991,D
13155,31-Dec-1983,BBB
13155,11-May-1984,BB
13155,15-Nov-1997,BBB
13155,06-Aug-1998,AA
10982,31-Dec-1983,AAA
10982,04-Apr-1999,AA
10982,10-May-2002,BBB
14026,31-Dec-1983,BBB
14026,19-Nov-1999,D
12439,31-Dec-1983,A
12439,24-Nov-1984,BBB
12439,12-Jun-1994,BB
11175,31-Dec-1983,AA
10652,31-Dec-1983,B
10652,08-Apr-1986,BB
10652,21-Jul-1990,BBB
11094,31-Dec-1983,BBB
11094,05-Mar-1992,A
11094,09-Nov-1999,BBB
10241,31-Dec-1983,AAA
10241,24-Mar-1984,AA
10241,02-Mar-1985,A
10241,09-Jan-1997,BBB
10241,27-Apr-1999,BB
10241,21-Jul-2001,BBB
11163,31-Dec-1983,BB
11163,27-Oct-1998,BBB
10642,31-Dec-1983,AA
14721,31-Dec-1983,CCC
14721,20-Oct-1991,D
14688,31-Dec-1983,AAA
14688,08-Jan-1999,AA
10720,31-Dec-1983,B
10720,15-May-1998,BB
10720,28-Jun-2000,BBB
11616,31-Dec-1983,CCC
11616,19-Jun-1985,D
14555,31-Dec-1983,BBB
14555,15-Jan-1993,A
11299,31-Dec-1983,BB
11299,12-Aug-1984,B
11299,29-Jul-2001,BB
13475,31-Dec-1983,CCC
13475,19-Apr-1986,D
13020,31-Dec-1983,AA
13579,31-Dec-1983,CCC
13579,08-Jun-1987,D
14498,31-Dec-1983,BBB
14498,18-Feb-1986,BB
14498,19-Apr-1990,BBB
14498,04-Oct-1993,BB
14498,12-Jan-1998,BBB
14498,07-Apr-2000,BB
14824,31-Dec-1983,AAA
14824,29-Dec-1992,AA
14824,12-Jun-2002,A
10205,31-Dec-1983,BB
10205,24-Feb-1993,BBB
10821,31-Dec-1983,A
10821,19-Nov-1997,AA
11882,31-Dec-1983,AAA
11882,11-Jan-1993,AA
11882,11-Feb-2003,A
10455,31-Dec-1983,CCC
10455,01-Apr-1985,D
11371,31-Dec-1983,BBB
11371,04-Oct-1995,BB
10663,31-Dec-1983,AA
10663,23-Nov-1992,A
10663,21-Mar-2000,AA
14263,31-Dec-1983,AA
14263,02-Sep-1986,AAA
10726,31-Dec-1983,BBB
10726,25-Oct-1993,A
10726,12-Dec-2003,BBB
11131,31-Dec-1983,CCC
11131,15-Nov-1987,D
14974,31-Dec-1983,CCC
14974,23-May-1996,B
14025,31-Dec-1983,BB
14025,07-Dec-1989,BBB
14025,08-Jun-1993,A
10772,31-Dec-1983,A
10772,28-Feb-1992,BBB
10772,22-Apr-1996,A
12061,31-Dec-1983,AA
12061,05-Sep-1999,A
11265,31-Dec-1983,A
11265,06-Dec-1996,AA
11265,11-Dec-1999,BBB
11265,06-Aug-2000,A
11265,12-Dec-2002,BBB
12894,31-Dec-1983,AA
12564,31-Dec-1983,BBB
13858,31-Dec-1983,A
13858,26-May-1992,BBB
13858,14-Jan-1995,BB
13858,16-Apr-1996,BBB
13858,11-Jan-1997,A
12474,31-Dec-1983,BB
12474,11-Nov-1993,B
12474,06-Jun-1994,BB
12474,02-Feb-1997,BBB
12474,19-Feb-1998,A
11313,31-Dec-1983,BB
11313,28-Mar-1984,BBB
11313,22-Mar-1993,A
11313,12-Nov-1995,BBB
11313,05-Oct-1996,A
10852,31-Dec-1983,AA
10852,05-May-2003,A
12750,31-Dec-1983,BBB
12750,20-May-1986,A
12750,05-Aug-2003,BBB
14209,31-Dec-1983,AA
14209,13-Jul-1984,A
14208,31-Dec-1983,B
14208,01-May-1993,CCC
14208,07-Nov-1997,B
14208,06-Apr-1998,BB
14208,06-Dec-1999,B
14208,22-May-2003,D
11552,31-Dec-1983,BB
11552,06-Sep-1984,B
11552,10-Apr-1986,BB
11552,10-Jan-1993,BBB
11552,09-Dec-1999,D
11938,31-Dec-1983,BB
11938,13-Jul-1984,BBB
11938,01-Sep-1987,B
11728,31-Dec-1983,AA
11728,09-Aug-1984,A
11728,01-Oct-1994,BBB
13126,31-Dec-1983,BB
13126,24-Dec-1986,B
13126,22-Sep-1991,CCC
13126,08-Nov-1992,D
12997,31-Dec-1983,BBB
12997,28-Dec-1999,BB
12997,04-Oct-2002,B
11285,31-Dec-1983,BB
11285,22-Feb-1984,B
11285,29-Apr-1985,CCC
11285,10-Jan-1992,B
11285,10-Sep-1995,D
12504,31-Dec-1983,BB
12504,15-Dec-1990,B
12504,23-Sep-1991,BB
12504,25-Sep-1992,BBB
12504,04-Mar-1998,A
12504,09-May-2000,AA
11862,31-Dec-1983,BBB
11862,28-Jul-1998,A
11917,31-Dec-1983,BB
11917,16-Jun-1999,B
11917,31-Oct-2001,BB
11745,31-Dec-1983,A
11745,24-Oct-1988,BBB
11871,31-Dec-1983,A
11871,27-Apr-1992,BBB
14456,31-Dec-1983,CCC
14456,17-Jun-1990,D
12277,31-Dec-1983,A
12277,02-Sep-2003,BBB
14831,31-Dec-1983,BB
14831,05-Aug-1991,B
13610,31-Dec-1983,CCC
13610,18-Feb-1985,D
11056,31-Dec-1983,CCC
11056,07-Jan-1984,D
13070,31-Dec-1983,AA
13070,14-Feb-1984,A
13070,22-Mar-2003,BBB
12396,31-Dec-1983,B
12396,12-Jun-1986,BB
12396,14-Jul-1991,B
12396,27-Dec-1993,BB
12396,18-Sep-1999,B
13319,31-Dec-1983,B
13319,23-Dec-1996,BB
14909,31-Dec-1983,AAA
14909,19-Jan-1985,AA
14529,31-Dec-1983,AAA
14529,20-Aug-1999,AA
11460,31-Dec-1983,B
11460,16-Dec-1988,BB
11460,08-Apr-1993,BBB
11794,31-Dec-1983,AAA
11794,12-Dec-2003,A
11889,31-Dec-1983,A
11889,25-Nov-2002,BBB
12545,31-Dec-1983,B
12545,11-Mar-1984,CCC
12545,24-Sep-1987,D
10858,31-Dec-1983,AA
10858,04-Mar-1991,A
10858,07-Feb-2001,BBB
14362,31-Dec-1983,BBB
14362,24-Apr-1997,A
14362,07-May-1999,BBB
11739,31-Dec-1983,AA
11739,25-May-1991,A
13603,31-Dec-1983,AAA
13603,13-Apr-1991,AA
10612,31-Dec-1983,BB
10612,24-Apr-1985,B
10612,18-Sep-1988,CCC
10612,10-Dec-1994,BB
10612,01-Feb-1997,B
12392,31-Dec-1983,BBB
12392,12-Apr-2001,A
11669,31-Dec-1983,BBB
11669,05-Aug-1988,A
11669,29-Oct-1989,BBB
14380,31-Dec-1983,BB
14380,12-Oct-1995,B
14380,21-Jul-1996,BB
14380,13-Jan-1998,A
12083,31-Dec-1983,AA
12083,01-Sep-1997,AAA
12083,05-Nov-2003,AA
14278,31-Dec-1983,AA
13751,31-Dec-1983,AAA
13751,23-Jan-1984,AA
13751,11-May-1987,A
13751,03-Apr-1992,AA
13751,06-Jun-1993,A
13751,21-Apr-2001,BBB
13751,18-Dec-2002,A
13212,31-Dec-1983,AAA
13212,16-Feb-1984,AA
13212,19-Mar-1992,A
13212,22-Nov-1997,AA
13212,14-Aug-1999,A
13212,25-May-2001,AA
12084,31-Dec-1983,CCC
12084,09-May-1987,D
11106,31-Dec-1983,AAA
11106,23-Aug-1984,AA
11106,24-Sep-1997,AAA
14366,31-Dec-1983,CCC
14366,24-Sep-1989,B
14366,15-Dec-1990,BB
14366,16-Jan-2003,B
12711,31-Dec-1983,B
12711,03-Jun-1993,BBB
14912,31-Dec-1983,B
14912,03-Jan-1994,BB
14912,13-Sep-1999,BBB
14912,11-Oct-2000,A
14912,25-Jul-2001,AA
12772,31-Dec-1983,A
11639,31-Dec-1983,CCC
11639,08-Jan-1988,B
11639,02-Jan-1991,D
14408,31-Dec-1983,BBB
12193,31-Dec-1983,AA
12193,26-Dec-1987,A
13377,31-Dec-1983,A
13377,14-Mar-1999,BBB
10339,31-Dec-1983,AA
10339,27-Oct-1997,AAA
10820,31-Dec-1983,BBB
10820,11-May-1985,BB
10820,16-Jun-1996,BBB
10820,09-Feb-1998,A
10820,12-Oct-2003,BBB
11485,31-Dec-1983,BB
11485,14-Jun-1994,BBB
11485,18-Apr-1995,BB
11485,10-May-1996,BBB
12085,31-Dec-1983,AA
10464,31-Dec-1983,AA
10464,25-Jun-1994,A
10464,06-Jun-1997,AA
10464,12-Sep-1999,A
10464,03-Sep-2000,AA
10464,02-Jan-2002,A
13086,31-Dec-1983,B
11831,31-Dec-1983,AA
11831,28-Jan-1987,A
11831,17-Jun-1991,BBB
11831,10-Oct-1994,A
11831,25-Oct-1999,BBB
12852,31-Dec-1983,AAA
12852,18-Aug-1985,AA
12852,13-May-1997,AAA
12852,19-Nov-1999,AA
14450,31-Dec-1983,BBB
14450,01-Apr-1986,A
14450,24-Jan-1999,BBB
10161,31-Dec-1983,B
10161,22-Sep-1987,BB
10161,06-Oct-1989,BBB
10161,23-Nov-2001,A
10173,31-Dec-1983,BBB
12801,31-Dec-1983,BBB
12801,06-Oct-1993,A
12801,11-Dec-1997,AA
10666,31-Dec-1983,AA
11166,31-Dec-1983,BB
11166,14-Jul-1996,BBB
11166,16-Dec-1997,A
11166,23-Dec-1998,AA
14878,31-Dec-1983,B
14878,09-Jul-1987,BB
14878,04-Nov-1998,BBB
12043,31-Dec-1983,BBB
12043,23-Nov-1986,A
12043,05-Dec-1992,AAA
11157,31-Dec-1983,A
11157,16-Jun-1999,BBB
11157,03-Oct-2000,A
11157,08-Dec-2003,BBB
13082,31-Dec-1983,CCC
13082,22-Oct-1987,D
11637,31-Dec-1983,AAA
11637,05-Dec-1985,AA
13638,31-Dec-1983,BB
13638,11-Jun-1988,BBB
13638,31-Oct-1997,A
13638,26-Dec-1999,BBB
13595,31-Dec-1983,BBB
13595,14-May-1998,A
12354,31-Dec-1983,A
14031,31-Dec-1983,B
14031,03-Mar-1986,BB
14031,27-Oct-1989,BBB
14031,01-Aug-1992,BB
14031,16-Dec-1993,B
14031,27-Jun-1997,BB
13387,31-Dec-1983,AAA
13387,02-Apr-1994,AA
13387,04-Sep-1998,AAA
11513,31-Dec-1983,B
11513,29-Nov-1995,BB
11513,12-Aug-1996,BBB
11513,27-Apr-1998,A
13201,31-Dec-1983,BB
13201,27-Jun-1988,BBB
13201,28-May-1999,BB
14648,31-Dec-1983,AA
14648,30-Jan-1999,BBB
12363,31-Dec-1983,BBB
12363,03-Aug-1984,BB
12363,16-Nov-2002,B
14317,31-Dec-1983,AAA
14317,20-Jul-1984,AA
14317,19-Apr-1989,AAA
10307,31-Dec-1983,AAA
13637,31-Dec-1983,CCC
13637,23-Nov-1985,D
14277,31-Dec-1983,CCC
14277,16-Oct-1985,D
12248,31-Dec-1983,BBB
12248,09-Oct-1984,BB
12248,06-Aug-1991,B
12248,22-Jul-1995,CCC
12248,19-Apr-1997,BB
12248,18-Jul-2002,B
14628,31-Dec-1983,AAA
14628,28-Dec-1999,AA
14628,25-Jun-2002,A
12526,31-Dec-1983,BB
12526,06-Sep-1988,BBB
12526,23-Jun-2000,A
12030,31-Dec-1983,CCC
12030,29-Sep-1991,D
12688,31-Dec-1983,CCC
12688,18-Mar-1990,B
12688,31-Mar-1995,D
12578,31-Dec-1983,B
12578,04-Feb-1984,CCC
12578,15-Sep-1990,D
13807,31-Dec-1983,CCC
13807,08-Nov-1984,D
11857,31-Dec-1983,BBB
10271,31-Dec-1983,A
14133,31-Dec-1983,AAA
14771,31-Dec-1983,B
14771,14-Oct-1997,BB
14771,28-Sep-1998,A
14771,07-Feb-1999,BBB
14771,08-Jul-2000,A
10533,31-Dec-1983,B
10533,05-Nov-1991,CCC
10533,03-Nov-2001,D
11130,31-Dec-1983,A
11130,17-May-1984,BBB
11130,09-Apr-2002,A
11130,14-Feb-2003,BBB
10592,31-Dec-1983,AA
10592,09-Sep-1984,A
10592,21-Jul-1991,B
10592,03-Jan-2002,D
10646,31-Dec-1983,A
10646,31-May-1988,AA
10646,09-Jun-1989,BBB
14866,31-Dec-1983,A
14866,13-Oct-1984,BBB
10696,31-Dec-1983,A
12858,31-Dec-1983,BBB
12858,29-Oct-1997,A
13990,31-Dec-1983,BBB
13990,03-Aug-1987,BB
13990,20-Feb-1996,BBB
13990,04-Aug-1999,BB
10317,31-Dec-1983,AA
10317,22-Sep-1999,A
13328,31-Dec-1983,B
13328,05-Jun-1986,BB
13328,17-Mar-1987,B
13328,06-Apr-1990,BB
13328,28-Dec-1998,BBB
13328,24-Jun-1999,BB
13853,31-Dec-1983,BBB
13853,29-Oct-1991,B
13853,07-Aug-1996,BB
13853,25-Oct-1997,BBB
13853,14-Dec-2000,A
14640,31-Dec-1983,A
14640,25-Aug-1987,BBB
14640,17-Aug-1993,A
14640,23-Aug-1999,BB
14640,22-Jan-2000,A
13069,31-Dec-1983,BB
13069,08-Dec-1994,BBB
13069,24-Nov-1995,B
13069,10-Sep-1997,BB
13069,23-Apr-1999,B
12828,31-Dec-1983,CCC
12828,04-May-1988,B
12828,27-Jan-1998,BB
13590,31-Dec-1983,AA
13590,08-Jul-1995,A
13590,10-Aug-1999,B
13590,22-Sep-2000,BB
14870,31-Dec-1983,AAA
14870,31-Dec-1998,A
11694,31-Dec-1983,A
11694,02-Mar-1997,AA
11694,18-Jun-1999,BB
11694,12-May-2003,B
10987,31-Dec-1983,AA
10987,13-Dec-2003,A
12651,31-Dec-1983,A
12651,06-Dec-1999,BBB
10424,31-Dec-1983,AAA
10424,15-Dec-1984,A
10424,16-Mar-1997,AA
13559,31-Dec-1983,AAA
13559,27-Feb-1999,AA
10752,31-Dec-1983,BB
10752,27-Jul-1997,BBB
10752,04-Aug-2002,B
10146,31-Dec-1983,BBB
10146,11-Sep-1996,A
10146,21-Apr-1998,AA
13833,31-Dec-1983,AA
13833,23-May-1986,AAA
13833,02-May-1999,AA
13456,31-Dec-1983,B
14240,31-Dec-1983,BB
14240,16-Feb-1985,B
14240,31-Jan-1986,BB
14240,19-Jul-1994,BBB
14240,25-Apr-1997,A
14240,28-Dec-1998,AA
14240,21-Sep-1999,A
14120,31-Dec-1983,B
14120,27-Jul-1997,BB
14120,18-Sep-1998,BBB
11773,31-Dec-1983,AAA
11773,22-Dec-1992,AA
11773,04-Jun-1995,A
11773,29-Nov-2002,BBB
14720,31-Dec-1983,AAA
14720,23-Nov-1985,AA
14720,31-Oct-1990,A
11029,31-Dec-1983,AA
11029,17-Jan-1996,AAA
14674,31-Dec-1983,B
14674,11-May-1986,BB
14674,17-Apr-1990,B
14674,17-Aug-1997,BB
13886,31-Dec-1983,BB
13886,18-Feb-1987,B
13886,15-May-1996,BB
13886,11-Nov-1998,BBB
14355,31-Dec-1983,B
14355,31-Mar-1988,CCC
14355,10-Jan-1991,D
11071,31-Dec-1983,CCC
11071,30-Dec-1984,D
10756,31-Dec-1983,AA
10756,08-Aug-1984,A
10756,30-Mar-1999,BBB
14761,31-Dec-1983,A
14761,08-Jun-2002,BBB
14761,25-Sep-2003,BB
13235,31-Dec-1983,AA
13235,22-Jul-1984,BBB
13235,08-Jun-1989,A
13235,08-Aug-1997,AA
13235,07-Mar-2003,A
14243,31-Dec-1983,AA
14243,22-Oct-1987,A
14884,31-Dec-1983,AA
12124,31-Dec-1983,AA
12438,31-Dec-1983,B
12438,25-Oct-1990,D
11168,31-Dec-1983,BB
11168,26-Jun-1997,BBB
11168,02-Oct-2003,BB
12611,31-Dec-1983,CCC
12611,27-May-1985,D
14069,31-Dec-1983,CCC
14069,21-Sep-1989,D
11958,31-Dec-1983,BB
11958,25-Feb-1996,BBB
11958,04-Jul-1999,B
12289,31-Dec-1983,B
12289,31-Aug-1991,D
13729,31-Dec-1983,CCC
13729,24-Feb-1984,D
14684,31-Dec-1983,CCC
14684,22-Jan-1996,BB
14684,03-May-1997,BBB
14684,11-Jun-1999,BB
12350,31-Dec-1983,AA
12350,03-Oct-1991,A
10978,31-Dec-1983,AAA
10978,16-Feb-1994,AA
10978,25-Nov-2001,A
11193,31-Dec-1983,BB
11193,21-Mar-1989,BBB
11193,18-May-1998,A
11193,03-Jun-2003,BBB
13355,31-Dec-1983,CCC
13355,21-Dec-1985,D
10719,31-Dec-1983,B
10719,05-Mar-1997,BB
10719,18-Nov-1999,D
12808,31-Dec-1983,BB
12808,20-Jul-1997,BBB
12808,27-Apr-1999,BB
12808,24-Nov-2003,B
12872,31-Dec-1983,AA
12872,16-Jul-1997,A
12872,17-Jun-2000,BBB
11969,31-Dec-1983,A
11969,21-Oct-1987,BBB
11969,11-May-1999,BB
11969,20-Dec-2000,BBB
11134,31-Dec-1983,A
11134,21-Jul-1985,BBB
11134,07-Oct-1986,A
11134,05-Sep-2003,BBB
12729,31-Dec-1983,A
13197,31-Dec-1983,A
13197,15-Mar-1997,AA
13197,31-Oct-1999,A
13931,31-Dec-1983,BB
13931,11-Nov-1990,B
12481,31-Dec-1983,BB
12481,15-Jan-1995,B
12481,12-Aug-2003,CCC
12628,31-Dec-1983,A
12628,09-Apr-1998,AA
13230,31-Dec-1983,BBB
13230,29-Sep-1990,A
11797,31-Dec-1983,AA
11797,27-Jun-1991,A
11797,16-Oct-2001,AA
14417,31-Dec-1983,AAA
14417,10-Jul-1985,AA
11227,31-Dec-1983,BB
11227,06-Aug-1993,BBB
11227,20-Mar-1996,A
10310,31-Dec-1983,BBB
10310,12-May-1985,BB
10395,31-Dec-1983,A
10395,18-Apr-1997,AA
10395,06-Nov-1999,A
11191,31-Dec-1983,A
11191,21-Dec-1991,B
11191,15-Aug-1992,BB
11191,21-Nov-1994,BBB
11191,24-Dec-2003,D
12045,31-Dec-1983,AA
12045,24-Aug-2002,A
10802,31-Dec-1983,AAA
10802,18-Oct-1995,AA
14223,31-Dec-1983,AA
13262,31-Dec-1983,BBB
13262,27-May-1985,BB
13262,24-Jun-1992,B
13262,23-Jan-1996,BB
13262,20-Oct-2003,B
11445,31-Dec-1983,CCC
11445,08-May-1998,B
11445,05-Nov-1999,CCC
11445,28-Dec-2001,B
11445,25-Jun-2003,CCC
11342,31-Dec-1983,CCC
11342,09-May-1984,D
12942,31-Dec-1983,AA
12907,31-Dec-1983,AA
13988,31-Dec-1983,A
13988,19-Jan-1986,AA
11148,31-Dec-1983,BB
11148,29-Nov-1991,B
11148,14-Sep-1994,BB
11148,08-Jun-1995,B
11148,19-Dec-1996,BB
11148,21-Sep-1998,BBB
11148,27-Aug-1999,BB
11148,06-Jul-2000,BBB
11148,16-Nov-2003,BB
14036,31-Dec-1983,B
14036,21-Jan-1999,CCC
11591,31-Dec-1983,BB
11591,20-Jun-1988,CCC
11591,23-Apr-1991,D
11351,31-Dec-1983,CCC
11351,12-Mar-2003,D
13812,31-Dec-1983,B
13812,24-Feb-1990,D
10272,31-Dec-1983,CCC
10272,25-Nov-1987,D
12572,31-Dec-1983,BBB
12572,25-Jan-1996,A
12572,15-Dec-1999,D
11362,31-Dec-1983,BBB
11362,12-Sep-1990,BB
11362,04-Jan-1994,BBB
11362,01-Jan-1996,A
12760,31-Dec-1983,AA
11065,31-Dec-1983,BB
11065,07-Nov-1998,BBB
11065,19-Jun-2002,BB
11065,01-Nov-2003,B
14162,31-Dec-1983,AA
14162,21-Mar-1997,AAA
11784,31-Dec-1983,BBB
11784,20-Oct-1984,BB
11784,31-Mar-1991,B
11784,30-Dec-1997,BB
11784,08-Dec-1998,BBB
11784,21-Jul-2003,B
13505,31-Dec-1983,BB
13505,29-Nov-1998,BBB
13658,31-Dec-1983,A
12788,31-Dec-1983,CCC
12788,19-Aug-1987,D
13351,31-Dec-1983,BB
13351,11-Oct-1985,B
13351,26-Jul-1991,CCC
13351,10-Mar-1993,B
13351,26-Nov-1999,D
12070,31-Dec-1983,AAA
12070,06-Jul-1991,AA
12070,30-Dec-2003,A
12903,31-Dec-1983,AAA
11275,31-Dec-1983,BB
11275,17-May-1998,BBB
11275,16-Mar-1999,BB
11275,23-Sep-2001,BBB
11845,31-Dec-1983,BB
11845,23-Apr-1996,BBB
10487,31-Dec-1983,BB
10487,12-Feb-1996,BBB
10487,20-Nov-1998,A
10487,09-Sep-2002,BBB
11128,31-Dec-1983,B
11128,09-Dec-1984,D
12635,31-Dec-1983,AA
12635,01-Jun-1999,A
12160,31-Dec-1983,CCC
12160,24-Oct-1984,D
14252,31-Dec-1983,BB
14252,20-Oct-1992,D
13250,31-Dec-1983,A
13250,11-May-1985,BBB
13250,29-Nov-1998,A
13250,15-Apr-2003,BBB
11843,31-Dec-1983,A
11843,29-Feb-1996,AA
11843,15-Jun-2002,A
13585,31-Dec-1983,BBB
13585,29-Mar-1989,A
13585,31-Dec-1999,AA
13585,12-Aug-2003,BBB
11359,31-Dec-1983,AA
11359,29-Aug-1991,A
10807,31-Dec-1983,B
10807,28-Aug-1996,BB
12076,31-Dec-1983,B
12076,05-Sep-1991,CCC
12076,06-Nov-2003,D
12319,31-Dec-1983,BB
12319,13-Jan-2003,B
12586,31-Dec-1983,AAA
12586,05-Sep-1999,AA
12586,27-Jul-2002,A
10506,31-Dec-1983,AAA
11343,31-Dec-1983,BB
11343,08-Sep-1993,B
11343,22-Nov-1997,BBB
11343,07-Apr-1999,BB
14023,31-Dec-1983,BB
14023,25-Jan-1989,A
12175,31-Dec-1983,AA
12175,24-Apr-1997,AAA
12175,15-Oct-1999,AA
12175,30-Jun-2002,A
14331,31-Dec-1983,AA
14331,08-Jun-1994,A
12579,31-Dec-1983,BBB
12579,02-Mar-1999,D
13645,31-Dec-1983,AAA
13645,06-Apr-1999,AA
13645,06-Sep-2000,AAA
13645,25-Oct-2003,AA
14096,31-Dec-1983,AA
14096,14-Sep-1995,A
14096,29-Jul-2002,BBB
11967,31-Dec-1983,B
10337,31-Dec-1983,B
10337,28-Dec-1993,BB
10337,17-Jun-1997,BBB
10337,29-Jun-1998,A
13633,31-Dec-1983,A
13633,09-Apr-1996,AA
11395,31-Dec-1983,A
11395,27-Aug-1989,BBB
11395,27-May-2000,A
10609,31-Dec-1983,AAA
10609,19-Apr-1999,AA
11205,31-Dec-1983,AAA
11205,08-Aug-1984,AA
11205,15-Oct-1990,A
11205,20-Dec-1994,BBB
11205,09-Oct-2000,A
10436,31-Dec-1983,BBB
10436,06-Aug-1987,BB
10436,12-Jun-1997,BBB
10436,25-Feb-1999,BB
10436,18-Mar-2001,B
12425,31-Dec-1983,BB
12425,12-Sep-1987,CCC
12425,15-Dec-1991,D
11691,31-Dec-1983,A
11691,19-Aug-1993,AA
11691,21-Nov-1999,A
10288,31-Dec-1983,AA
10288,19-Mar-1998,AAA
13862,31-Dec-1983,BBB
13862,06-Sep-1985,BB
13862,24-Apr-1997,BBB
13862,09-Jan-1999,B
13862,26-Oct-2001,BB
13003,31-Dec-1983,BBB
13003,06-Jun-1999,BB
14101,31-Dec-1983,AA
14101,01-Feb-1990,AAA
14101,07-Dec-1991,AA
14101,22-May-1994,AAA
14101,02-Aug-2003,AA
13071,31-Dec-1983,AAA
13071,28-Mar-1999,AA
13071,26-Aug-2002,A
10463,31-Dec-1983,CCC
10463,13-May-1985,B
10463,24-Jun-1987,BB
10463,26-May-1988,B
10463,01-May-1990,BB
10463,07-Apr-1999,D
13790,31-Dec-1983,BB
13790,07-Oct-1993,BBB
13790,27-Mar-1996,A
13790,16-Dec-1997,AA
11169,31-Dec-1983,BB
11169,03-Dec-1998,BBB
11169,10-Apr-1999,BB
12544,31-Dec-1983,AAA
12544,22-Mar-1985,A
12544,01-Apr-1996,AA
10713,31-Dec-1983,CCC
10713,30-Mar-1984,D
10883,31-Dec-1983,BBB
10883,28-Mar-1985,BB
10883,05-Jun-1997,BBB
10883,28-Oct-1999,BB
10883,13-Aug-2001,BBB
12534,31-Dec-1983,CCC
12534,10-Mar-1984,D
12921,31-Dec-1983,BB
12921,21-Oct-1993,BBB
12921,25-Dec-1999,D
14320,31-Dec-1983,B
14320,23-Feb-1985,D
12035,31-Dec-1983,CCC
12035,07-Nov-1987,D
12452,31-Dec-1983,AAA
12402,31-Dec-1983,AA
12402,28-Mar-1985,A
12402,01-Jun-2003,BBB
10864,31-Dec-1983,B
10864,27-Apr-1985,CCC
10864,07-Jun-1991,D
14841,31-Dec-1983,AAA
14841,29-Apr-1985,AA
14841,05-Feb-1999,BBB
14841,01-Sep-2002,D
14214,31-Dec-1983,A
14214,18-Jan-2002,BBB
14214,14-Mar-2003,BB
10126,31-Dec-1983,AAA
10126,01-Jul-1999,AA
10126,10-Apr-2003,A
11259,31-Dec-1983,B
11259,01-Jun-1988,CCC
11259,05-Aug-1991,D
14358,31-Dec-1983,AA
11077,31-Dec-1983,BB
11077,17-Jan-1997,BBB
12222,31-Dec-1983,BBB
12222,19-Nov-1986,A
12222,09-Nov-1998,AA
10865,31-Dec-1983,BBB
10865,31-Jan-1985,BB
10865,05-Mar-1997,BBB
12953,31-Dec-1983,BBB
12953,04-Jan-1988,A
11633,31-Dec-1983,AA
11633,03-Aug-1991,BBB
11633,15-Sep-1997,A
11633,03-Oct-2000,BBB
11633,19-Mar-2001,A
14021,31-Dec-1983,AA
14021,18-Dec-1994,A
14021,25-Jun-2001,BBB
11344,31-Dec-1983,BBB
11344,22-Jan-1984,BB
11344,06-Mar-1987,B
11344,03-May-1993,BB
11344,17-Nov-1997,BBB
11344,15-Jan-1998,A
11344,09-May-1999,BBB
12879,31-Dec-1983,AA
12879,21-Aug-1984,A
11620,31-Dec-1983,A
10346,31-Dec-1983,CCC
10346,29-Oct-1997,B
10346,16-Jan-1999,D
13039,31-Dec-1983,CCC
13039,15-Oct-1989,B
13039,18-Jan-1994,BB
13039,18-Apr-1995,BBB
13039,09-Apr-1997,A
12497,31-Dec-1983,AAA
12497,29-Nov-2002,AA
14235,31-Dec-1983,AAA
14235,08-Aug-1985,AA
14235,02-Jul-1999,A
14345,31-Dec-1983,AA
14345,25-Sep-1997,AAA
14345,09-Feb-1999,A
14345,18-Nov-2002,BBB
14345,12-Jul-2003,BB
13843,31-Dec-1983,AA
13843,02-Jan-2001,A
10584,31-Dec-1983,BBB
10584,28-Feb-1992,A
11082,31-Dec-1983,BBB
11082,05-Apr-1985,A
13992,31-Dec-1983,A
13992,14-Jan-1998,AA
13992,05-Sep-1999,A
13992,10-Jan-2002,BBB
13992,01-Jul-2003,BB
10204,31-Dec-1983,A
10204,23-Jun-1996,BBB
10204,11-Apr-1999,BB
11675,31-Dec-1983,BBB
11675,03-Aug-1985,BB
11675,14-Apr-1998,A
14499,31-Dec-1983,AA
12763,31-Dec-1983,AA
10411,31-Dec-1983,B
10411,01-Dec-1993,BB
10411,02-Jan-1996,BBB
10411,25-Jul-2003,BB
11606,31-Dec-1983,AAA
11606,14-May-2002,AA
12592,31-Dec-1983,B
12592,14-May-1984,D
11324,31-Dec-1983,BBB
11324,07-Jan-2002,B
11324,07-Sep-2003,D
12106,31-Dec-1983,AAA
12106,21-Jul-1995,AA
12106,06-Oct-1998,AAA
12106,15-Oct-2002,A
11634,31-Dec-1983,A
11634,30-Mar-1990,AA
14341,31-Dec-1983,AA
14341,13-Mar-1991,A
11284,31-Dec-1983,AAA
11284,13-May-1984,AA
11284,19-Sep-1999,A
11284,14-Feb-2000,AA
11284,05-Jun-2003,A
12359,31-Dec-1983,BBB
12359,05-Jan-1994,A
12359,25-Jan-1998,AA
12359,15-Sep-2000,AAA
12359,20-Oct-2003,AA
12838,31-Dec-1983,AA
12516,31-Dec-1983,B
12516,28-Nov-1992,CCC
12516,28-Nov-1997,D
11068,31-Dec-1983,BB
11068,17-Aug-1989,D
13848,31-Dec-1983,B
13848,16-Feb-1985,CCC
13848,22-Jan-1999,D
11854,31-Dec-1983,A
11854,10-Oct-1999,BBB
11693,31-Dec-1983,AAA
11693,27-Sep-1999,AA
12908,31-Dec-1983,AAA
12908,16-Aug-1984,AA
12908,22-Sep-1988,A
12908,15-Mar-1990,BBB
12908,17-Oct-2003,BB
11646,31-Dec-1983,BB
11646,21-Dec-1988,A
11646,01-Jun-1996,AA
11282,31-Dec-1983,BBB
11282,30-Mar-1985,A
11282,24-Jun-1997,AA
12007,31-Dec-1983,BBB
12007,31-Aug-1988,BB
12007,07-Nov-1989,BBB
12007,11-Dec-1999,D
12986,31-Dec-1983,AAA
12986,15-Feb-1987,AA
12986,11-Sep-1994,AAA
11336,31-Dec-1983,AAA
11336,29-Jan-1984,AA
12311,31-Dec-1983,AAA
12311,06-Feb-1984,AA
12017,31-Dec-1983,AA
11975,31-Dec-1983,B
11975,17-Feb-1988,BB
11975,06-Jul-1998,BBB
10708,31-Dec-1983,B
10708,24-Jun-1988,CCC
10708,11-Jun-1989,D
12081,31-Dec-1983,AA
12081,18-Oct-1998,AAA
12081,12-Jul-2003,AA
13029,31-Dec-1983,A
13029,01-Sep-1985,BBB
13029,25-Jun-1998,A
11103,31-Dec-1983,CCC
11103,01-May-1985,D
11695,31-Dec-1983,AAA
11695,03-Apr-1992,AA
11695,21-Dec-1998,A
12690,31-Dec-1983,AA
12690,06-Apr-1999,A
12690,15-Oct-2003,BBB
10309,31-Dec-1983,BB
10309,30-Jun-1986,BBB
10309,26-Apr-1992,A
10309,12-Aug-2003,BBB
11341,31-Dec-1983,AAA
11440,31-Dec-1983,BB
11440,02-Jan-1996,BBB
11440,22-Jan-1999,B
11440,01-Dec-2003,D
13260,31-Dec-1983,AAA
13260,26-Nov-1993,AA
13738,31-Dec-1983,AAA
13738,30-Oct-1988,AA
13738,29-Nov-1999,A
13738,04-Sep-2002,BBB
13857,31-Dec-1983,BBB
13857,10-Oct-1987,A
13857,10-Sep-1989,AA
13857,13-Mar-2001,A
13912,31-Dec-1983,BBB
11432,31-Dec-1983,A
11432,14-Jun-1997,AA
14951,31-Dec-1983,A
14951,14-Oct-1984,BBB
14951,31-Dec-1990,BB
14951,21-Jul-1996,BBB
12199,31-Dec-1983,AAA
11114,31-Dec-1983,CCC
11114,07-Jun-1993,BB
11114,21-Jan-1998,BBB
14424,31-Dec-1983,BBB
14424,10-Jun-1990,BB
14424,02-Nov-1991,BBB
12955,31-Dec-1983,BB
12955,13-Aug-1989,BBB
10718,31-Dec-1983,A
11202,31-Dec-1983,BBB
11202,27-Sep-1995,BB
11202,07-Dec-1998,BBB
11202,28-Apr-1999,BB
11202,29-Sep-2003,B
13928,31-Dec-1983,CCC
13928,14-Nov-1984,D
11142,31-Dec-1983,AA
11142,07-Jun-1987,A
11142,08-Jul-2000,AA
13138,31-Dec-1983,BB
13138,25-Aug-1984,D
13520,31-Dec-1983,AAA
13520,20-Jun-1985,AA
13520,07-Mar-1997,AAA
13520,23-Mar-1999,AA
13520,30-May-2003,A
10385,31-Dec-1983,AAA
10385,05-Jan-1999,AA
10385,30-Sep-2003,A
10482,31-Dec-1983,BB
10482,22-Jan-1986,BBB
10482,06-Jun-1989,A
10482,17-Jul-1991,BBB
13047,31-Dec-1983,BBB
13047,10-Aug-2001,A
13757,31-Dec-1983,AA
13757,08-Jun-1993,AAA
13757,29-Jan-2001,AA
12712,31-Dec-1983,A
12712,13-Apr-2003,BBB
12794,31-Dec-1983,AAA
10665,31-Dec-1983,A
10665,26-Jan-1989,BB
10665,23-Sep-1991,B
10665,06-May-1994,BB
10665,26-Aug-1997,BBB
10665,24-Jun-1999,BB
12169,31-Dec-1983,BB
12169,19-May-1986,BBB
12169,28-Apr-1996,A
12169,06-Feb-1999,BBB
10149,31-Dec-1983,AA
10149,15-May-1989,AAA
10149,17-May-1991,AA
13063,31-Dec-1983,AAA
13063,24-Jun-1988,AA
13063,17-Oct-1991,A
13063,09-Sep-1998,AA
13063,06-Nov-1999,A
13001,31-Dec-1983,AA
13001,05-Jul-2003,A
13980,31-Dec-1983,BB
13980,08-Nov-1989,BBB
13980,18-Jun-1999,BB
12164,31-Dec-1983,B
12164,06-Apr-1998,BB
12853,31-Dec-1983,A
12853,17-Aug-1993,AA
12508,31-Dec-1983,AA
12508,24-Jul-1999,A
12032,31-Dec-1983,A
12032,16-Jul-1991,BBB
12032,23-May-1997,A
12032,02-Jun-2003,BBB
11046,31-Dec-1983,AA
11046,19-Feb-1998,AAA
11046,16-Apr-1999,AA
12459,31-Dec-1983,A
12459,02-Jan-1996,AA
12459,06-Dec-1998,AAA
13899,31-Dec-1983,B
13899,10-Aug-1985,BB
13899,21-Nov-1999,B
13927,31-Dec-1983,B
13927,02-Jun-1993,BB
13927,26-May-1998,BBB
13927,21-Jul-1999,BB
14338,31-Dec-1983,A
14338,05-Aug-1994,AA
14338,03-Jul-1998,AAA
14338,02-Aug-1999,AA
14805,31-Dec-1983,BBB
14805,17-Feb-1985,BB
14805,04-Oct-1989,BBB
14805,25-Aug-1996,A
14805,08-May-1997,AA
14128,31-Dec-1983,B
14128,24-Apr-1985,CCC
14128,10-Apr-1987,D
10213,31-Dec-1983,AAA
10213,23-Feb-1985,BBB
10213,02-May-1990,A
10213,31-Oct-2003,BBB
12513,31-Dec-1983,AAA
12513,26-Mar-1990,A
12513,25-Jan-2002,BBB
10751,31-Dec-1983,CCC
10751,29-Jun-1985,D
10606,31-Dec-1983,CCC
10606,13-Feb-1984,D
11998,31-Dec-1983,BBB
11998,26-May-1991,BB
11998,02-Feb-2002,D
12846,31-Dec-1983,BB
12846,20-Sep-1991,B
12846,04-May-1997,BB
12846,25-Jul-1998,BBB
12846,26-Aug-2003,BB
12987,31-Dec-1983,AA
13643,31-Dec-1983,CCC
13643,25-Aug-1984,D
10773,31-Dec-1983,CCC
10773,12-Sep-1989,D
11543,31-Dec-1983,BBB
11543,19-Apr-1984,BB
11543,31-Jan-2002,B
11543,19-Aug-2003,CCC
12297,31-Dec-1983,CCC
12297,06-Apr-1988,D
10922,31-Dec-1983,BB
10922,22-Nov-1984,B
10922,19-Apr-1997,BBB
10922,17-Sep-1999,BB
10922,30-Apr-2003,B
11104,31-Dec-1983,AAA
11104,13-May-1985,A
11104,04-Aug-1987,BBB
11104,26-Nov-1997,A
11104,06-Apr-1998,AA
11104,12-Dec-1999,A
11113,31-Dec-1983,B
11113,26-Sep-1991,BB
11113,01-Jan-2001,B
11113,06-Nov-2003,CCC
13771,31-Dec-1983,AAA
13771,10-Sep-1986,AA
11280,31-Dec-1983,A
11280,24-Jul-1999,BBB
14319,31-Dec-1983,BB
14319,02-May-1996,BBB
14319,01-May-1997,A
14319,28-Jan-1999,BBB
13977,31-Dec-1983,B
13977,16-Jun-1994,BB
13977,27-Aug-1998,BBB
11721,31-Dec-1983,AA
11721,27-Jul-1991,A
11721,26-May-1999,BBB
11721,07-Dec-2002,BB
10413,31-Dec-1983,AA
14271,31-Dec-1983,CCC
14271,11-May-1985,D
13800,31-Dec-1983,B
13800,11-Dec-1996,BBB
13800,10-Jan-1998,A
13800,10-Jun-2002,BBB
14305,31-Dec-1983,AAA
14305,12-Sep-1985,AA
14305,13-Sep-1987,A
14305,05-Jul-1995,AA
14305,11-Aug-2001,A
14578,31-Dec-1983,AA
12327,31-Dec-1983,CCC
12327,29-Sep-1985,B
12327,19-Oct-1998,D
13550,31-Dec-1983,BB
13550,02-May-1999,B
13550,24-Jul-2000,D
11303,31-Dec-1983,A
11303,08-Nov-1993,AA
14220,31-Dec-1983,AA
14220,03-Aug-1987,A
14220,04-Jul-1990,BBB
14220,07-Nov-1996,BB
12037,31-Dec-1983,BB
12037,06-Sep-1993,BBB
12037,07-Feb-2000,A
11403,31-Dec-1983,B
11403,01-Jul-1984,D
10329,31-Dec-1983,BB
10329,06-Jan-1997,BBB
12482,31-Dec-1983,B
12482,10-Jun-1986,BB
12482,27-Nov-1998,BBB
13375,31-Dec-1983,A
13375,16-Jan-1987,BBB
13375,10-Dec-1996,AAA
13375,06-Mar-1999,AA
12356,31-Dec-1983,CCC
12356,15-May-1997,B
12356,15-Mar-1998,BBB
12356,03-Feb-1999,BB
14676,31-Dec-1983,AAA
14676,06-Jun-1989,AA
14676,10-Apr-1992,A
10733,31-Dec-1983,A
10733,05-Feb-1999,BBB
10235,31-Dec-1983,BBB
10235,01-Jul-1999,BB
10235,28-Mar-2001,BBB
10235,07-May-2003,BB
14367,31-Dec-1983,AA
14367,22-Jul-1990,A
14367,19-Jul-2002,BB
10888,31-Dec-1983,AAA
12713,31-Dec-1983,CCC
12713,02-Jun-1998,B
14280,31-Dec-1983,AAA
14280,20-May-1984,AA
14280,18-May-2001,AAA
11051,31-Dec-1983,BBB
11051,12-Apr-1998,A
13476,31-Dec-1983,BB
13476,05-Mar-1984,BBB
14007,31-Dec-1983,BBB
10703,31-Dec-1983,AA
10703,15-Feb-1997,AAA
10703,05-Jan-2001,AA
10703,01-Oct-2003,A
11264,31-Dec-1983,CCC
11264,03-Jul-1991,D
14221,31-Dec-1983,AAA
14221,20-Sep-1999,AA
14221,04-Oct-2001,A
11019,31-Dec-1983,A
11036,31-Dec-1983,B
11036,08-Apr-1994,BB
11036,10-Mar-1996,BBB
11036,23-Jan-1998,A
11036,04-Jun-2002,BBB
10754,31-Dec-1983,BB
10754,13-Sep-1985,B
10754,22-Dec-1986,CCC
10754,20-Jul-1997,B
10754,15-Jan-2002,D
13308,31-Dec-1983,A
12929,31-Dec-1983,AA
12929,31-Jul-1999,A
12929,11-Apr-2003,BBB
11054,31-Dec-1983,BBB
11054,16-Jul-1998,A
10649,31-Dec-1983,BB
10649,10-Jun-2000,BBB
10649,11-Feb-2003,BB
13616,31-Dec-1983,A
13616,18-May-1986,AA
13616,06-Oct-1987,A
12373,31-Dec-1983,BBB
12373,01-Dec-1993,A
12373,09-Sep-1999,BBB
12373,20-Dec-2000,A
14752,31-Dec-1983,BBB
14752,15-Feb-1998,A
14752,23-Aug-1999,BBB
14752,20-May-2000,A
10514,31-Dec-1983,B
10514,24-Jul-1986,BB
10514,13-Mar-1991,B
10514,23-May-1992,BB
10514,04-May-1997,BBB
10514,10-May-1999,BB
10369,31-Dec-1983,AAA
10369,16-May-1994,AA
10375,31-Dec-1983,AAA
12077,31-Dec-1983,AA
12077,11-Feb-1999,A
13067,31-Dec-1983,CCC
13067,01-Jul-1985,D
13772,31-Dec-1983,AAA
12216,31-Dec-1983,BB
10214,31-Dec-1983,B
10214,24-Oct-1988,BB
12696,31-Dec-1983,BB
12696,05-May-1998,A
12696,30-Jun-1999,BBB
12696,12-Feb-2000,A
12696,29-Jul-2003,BBB
12180,31-Dec-1983,CCC
12180,07-Jul-1985,D
13011,31-Dec-1983,A
13011,09-May-1988,BBB
13011,11-Nov-2002,BB
13668,31-Dec-1983,B
13668,05-May-1986,BB
13668,15-Jun-1991,B
13668,27-Mar-1992,D
11213,31-Dec-1983,AAA
13055,31-Dec-1983,BBB
13055,08-Oct-1985,BB
13055,09-Apr-1992,BBB
11490,31-Dec-1983,B
11490,10-Jul-1986,BB
11490,12-Jul-1989,BBB
11490,14-Nov-1998,A
11022,31-Dec-1983,AAA
11022,08-Dec-1999,AA
11801,31-Dec-1983,A
11801,17-Jan-1984,BBB
11801,23-Dec-1991,BB
11801,18-Aug-1992,B
11801,26-Jan-1995,BB
12145,31-Dec-1983,BBB
12145,18-Mar-1991,BB
12145,11-May-1995,BBB
12145,04-Jun-1997,A
11249,31-Dec-1983,A
11249,03-Oct-1991,BBB
11249,30-Nov-1996,A
12732,31-Dec-1983,B
12732,17-Aug-1996,BB
12732,14-Dec-1998,BBB
11316,31-Dec-1983,A
14632,31-Dec-1983,BBB
14632,02-Oct-1997,A
14632,11-Jul-1998,AA
13435,31-Dec-1983,AAA
13435,06-Nov-1999,AA
13864,31-Dec-1983,AA
13864,24-Oct-1999,A
12240,31-Dec-1983,A
12240,17-Feb-1999,BBB
10965,31-Dec-1983,B
10965,04-Oct-1988,BB
10965,13-Aug-1997,BBB
10965,25-May-1998,A
10965,03-Nov-2002,BBB
10399,31-Dec-1983,CCC
10399,13-Jan-1990,D
14625,31-Dec-1983,AA
13509,31-Dec-1983,A
13509,04-Feb-1984,BBB
10119,31-Dec-1983,BBB
10119,12-Dec-1997,AA
12390,31-Dec-1983,AAA
12390,24-May-1991,AA
12210,31-Dec-1983,CCC
12210,13-Jul-1986,BB
12210,25-Nov-1994,BBB
10679,31-Dec-1983,CCC
10679,04-May-1990,D
13486,31-Dec-1983,AAA
11875,31-Dec-1983,AAA
14143,31-Dec-1983,AAA
14143,30-Aug-1999,AA
14143,22-Sep-2003,A
14790,31-Dec-1983,BB
14790,21-Mar-1988,B
14790,21-Jul-1992,CCC
14790,14-Jun-1996,B
11012,31-Dec-1983,BBB
11012,10-Aug-1986,AA
11012,17-Jul-1997,A
11012,08-Jul-2002,BBB
13185,31-Dec-1983,CCC
13185,14-Apr-1985,D
14073,31-Dec-1983,CCC
14198,31-Dec-1983,A
14198,16-Nov-1999,BBB
13508,31-Dec-1983,AA
14224,31-Dec-1983,BBB
12343,31-Dec-1983,BBB
12343,07-Dec-1999,B
13690,31-Dec-1983,CCC
13690,21-Oct-1986,D
11454,31-Dec-1983,AAA
11454,19-Dec-1999,AA
11454,10-Jul-2003,A
11661,31-Dec-1983,B
11661,10-Feb-1984,BB
11661,24-Aug-1988,D
10616,31-Dec-1983,CCC
10616,09-Mar-1984,D
13366,31-Dec-1983,BBB
13366,08-Nov-1984,BB
13366,10-Dec-1999,D
11996,31-Dec-1983,AAA
11996,06-Feb-1999,AA
11365,31-Dec-1983,BBB
11365,17-Apr-1984,BB
10105,31-Dec-1983,BBB
10105,18-Oct-1994,BB
10105,10-Jun-1999,B
10105,28-Jun-2002,BBB
13732,31-Dec-1983,AAA
13732,10-Jan-2002,AA
11197,31-Dec-1983,CCC
11197,28-Jul-1989,BB
11197,27-Jul-1995,BBB
13295,31-Dec-1983,AAA
13295,27-Sep-2003,AA
11966,31-Dec-1983,B
11966,27-Jan-1997,BBB
11966,14-Oct-1998,A
13676,31-Dec-1983,CCC
13676,10-Mar-1988,D
10661,31-Dec-1983,AAA
10661,12-Jul-1987,A
10661,03-Dec-2002,BBB
12468,31-Dec-1983,B
12468,25-Dec-1990,BB
12468,21-Dec-1994,BBB
12468,20-Apr-1996,BB
12468,02-Oct-2001,BBB
12468,16-Mar-2003,BB
14248,31-Dec-1983,A
11540,31-Dec-1983,AAA
10429,31-Dec-1983,B
10429,10-Nov-1989,BBB
10429,28-Aug-1997,A
10429,06-Feb-2003,BB
13358,31-Dec-1983,B
13358,30-Jul-1988,BB
13358,17-Dec-1990,BBB
14547,31-Dec-1983,CCC
14547,04-Nov-1987,D
10286,31-Dec-1983,B
11643,31-Dec-1983,AAA
11643,01-Oct-1996,AA
11643,13-Sep-1997,AAA
12609,31-Dec-1983,B
12609,31-Mar-1993,BBB
12609,14-Jan-1998,A
12609,17-Jun-2003,BBB
11828,31-Dec-1983,CCC
11828,11-Feb-1993,B
11828,27-Feb-1998,BB
11828,02-Jun-1999,B
11828,31-Aug-2002,CCC
11828,21-Dec-2003,D
14794,31-Dec-1983,BB
14794,12-Apr-1985,CCC
14794,12-Jul-1987,D
12229,31-Dec-1983,AAA
12229,05-Dec-1985,AA
12229,01-Mar-2003,A
13186,31-Dec-1983,BB
13186,15-Oct-1985,D
11093,31-Dec-1983,B
11093,06-Feb-1985,CCC
11093,18-Nov-1991,D
13411,31-Dec-1983,CCC
13411,09-Jul-1993,B
13411,21-Dec-1997,BB
13411,02-Oct-1998,BBB
13411,20-Sep-1999,BB
13364,31-Dec-1983,A
13364,31-Dec-1984,BBB
13364,16-Mar-1998,A
14840,31-Dec-1983,B
14840,05-Apr-1986,BBB
14840,29-Jan-1991,BB
14840,25-Sep-1993,BBB
14840,27-Oct-1997,A
14840,05-May-2002,BBB
12749,31-Dec-1983,B
12749,18-Feb-1985,BB
12749,30-Aug-1992,BBB
10553,31-Dec-1983,B
10553,30-Oct-1987,D
14510,31-Dec-1983,BB
14510,02-Sep-1985,B
14510,19-Feb-1995,BB
11042,31-Dec-1983,BBB
11042,17-May-1984,BB
11042,04-Sep-1995,BBB
11042,07-Jul-1999,BB
13641,31-Dec-1983,AAA
13641,22-Dec-1994,AA
12431,31-Dec-1983,CCC
12431,06-Apr-1984,D
12710,31-Dec-1983,BBB
12710,12-Nov-1991,BB
13762,31-Dec-1983,B
13762,15-May-1992,CCC
13762,18-Feb-1995,B
13762,30-Jan-2000,BBB
13762,26-Sep-2003,BB
13979,31-Dec-1983,B
13979,15-May-1996,BB
13979,18-May-1998,BBB
12053,31-Dec-1983,AA
13016,31-Dec-1983,A
13016,20-Apr-1998,AA
12143,31-Dec-1983,CCC
12143,16-Apr-1984,D
10531,31-Dec-1983,BB
10531,04-Apr-1988,BBB
14670,31-Dec-1983,BBB
14670,17-Jun-1988,BB
14670,26-Dec-1990,BBB
13292,31-Dec-1983,CCC
13292,19-May-1984,D
14762,31-Dec-1983,BBB
14762,10-Dec-1985,A
14762,01-Mar-1989,AA
12006,31-Dec-1983,AA
12006,03-Dec-1991,A
12006,02-Oct-1998,AA
12006,08-Nov-2002,A
14153,31-Dec-1983,A
14368,31-Dec-1983,AAA
14368,07-Aug-1985,AA
14368,08-Feb-1994,AAA
13516,31-Dec-1983,AAA
13516,15-Jun-1991,A
13516,26-Aug-1992,D
10184,31-Dec-1983,B
10184,20-Jan-1990,BB
10184,07-Jan-2003,B
10925,31-Dec-1983,A
10925,15-Apr-2002,BBB
10843,31-Dec-1983,B
10843,05-Dec-1986,BBB
10843,06-Jul-2001,BB
10244,31-Dec-1983,CCC
10244,15-Nov-1984,B
10244,18-May-1999,CCC
10244,18-Nov-2003,D
11792,31-Dec-1983,AA
11792,14-Jul-1991,A
11792,21-Nov-1997,AA
11792,06-Feb-1999,A
10717,31-Dec-1983,A
10717,17-Mar-1984,AA
10717,13-Sep-1997,AAA
10717,11-May-1999,AA
13582,31-Dec-1983,AAA
11067,31-Dec-1983,BBB
11067,31-Dec-1996,A
11067,20-May-1999,BBB
10964,31-Dec-1983,AAA
10964,26-Apr-2003,AA
11083,31-Dec-1983,AA
11083,22-May-1984,A
11083,07-Mar-1985,BBB
11083,17-Mar-1997,A
10484,31-Dec-1983,B
10484,04-Aug-1990,CCC
10484,04-Aug-1994,BB
10484,03-Mar-1997,BBB
12227,31-Dec-1983,AA
12227,06-Dec-1997,AAA
13804,31-Dec-1983,BBB
13804,20-Jan-1996,A
10973,31-Dec-1983,BB
10973,14-Mar-1994,B
10973,04-Jul-1998,BB
10973,04-Oct-2001,BBB
10973,22-Feb-2002,BB
10179,31-Dec-1983,AAA
10179,05-Dec-1993,AA
14593,31-Dec-1983,BB
14593,02-Jun-2000,BBB
10500,31-Dec-1983,A
10500,20-Jan-2002,BB
10792,31-Dec-1983,A
10792,03-Sep-1987,BBB
10792,12-Apr-1990,BB
10792,11-Oct-2001,B
11994,31-Dec-1983,AAA
13919,31-Dec-1983,BB
13919,17-Dec-1985,BBB
13919,08-Sep-1986,BB
13919,30-Jun-1997,BBB
13393,31-Dec-1983,A
13985,31-Dec-1983,AA
13985,05-Feb-1999,BBB
13985,14-Apr-2000,A
13901,31-Dec-1983,B
13901,15-Jul-1999,CCC
13901,04-Jan-2002,D
12016,31-Dec-1983,AA
12016,13-Apr-1995,A
12016,03-Aug-1997,AA
12016,03-Mar-1999,BB
12887,31-Dec-1983,CCC
12887,03-Mar-1986,B
12887,03-Sep-1989,BB
12887,26-Jul-1993,D
11979,31-Dec-1983,CCC
11979,20-Jul-1986,B
11979,19-Dec-1991,CCC
11979,17-Aug-1994,B
11979,28-Apr-2002,D
10381,31-Dec-1983,AA
10381,09-Jul-1998,AAA
10381,11-Nov-1999,AA
13940,31-Dec-1983,BBB
13940,28-Dec-1984,BB
13940,02-Nov-1998,BBB
13940,06-May-1999,BB
13940,30-Sep-2003,B
10457,31-Dec-1983,A
10457,08-Dec-2002,BBB
13439,31-Dec-1983,B
13439,31-Aug-1994,BB
13439,24-Jun-2001,BBB
12793,31-Dec-1983,BB
12793,13-Apr-1996,A
12793,05-Aug-1999,BB
14904,31-Dec-1983,AAA
14904,02-May-1987,AA
14904,16-Dec-1996,AAA
14904,10-Jun-1999,AA
13776,31-Dec-1983,A
13776,17-Dec-1984,AA
10136,31-Dec-1983,AA
10136,03-Sep-1988,A
10136,14-Sep-1999,BBB
14738,31-Dec-1983,AA
14738,15-Dec-1994,A
14661,31-Dec-1983,AA
14661,08-Dec-1984,A
14661,31-Oct-1999,BBB
10147,31-Dec-1983,BB
10147,25-Feb-2002,B
13137,31-Dec-1983,CCC
13137,30-Oct-1987,D
12467,31-Dec-1983,BB
12467,18-Jun-1999,B
12423,31-Dec-1983,BBB
12423,19-Apr-1998,A
13588,31-Dec-1983,BBB
13588,10-Jul-1994,BB
13588,30-Oct-1997,A
11492,31-Dec-1983,AA
11492,15-Jul-1987,A
11492,04-Apr-1999,BBB
14359,31-Dec-1983,AA
14359,09-May-1990,A
14359,09-Mar-1998,BBB
10662,31-Dec-1983,B
10662,07-May-1985,D
12831,31-Dec-1983,A
14876,31-Dec-1983,A
14876,10-Mar-1987,BBB
14876,31-Oct-1988,A
11140,31-Dec-1983,A
11140,19-May-1988,BBB
11140,03-Jan-1990,A
11140,22-Apr-1991,BBB
14013,31-Dec-1983,BB
14013,01-Nov-1984,B
14013,12-Apr-1995,BB
13019,31-Dec-1983,BB
13019,11-Oct-1996,BBB
13019,13-Jul-1998,A
13019,25-Feb-2000,AA
13019,10-Jul-2002,A
13019,13-Apr-2003,BBB
10986,31-Dec-1983,BB
10986,17-Sep-1987,B
10986,25-Sep-1991,CCC
10986,12-Jun-1996,BBB
10986,07-Mar-1997,A
10986,18-Feb-1999,BBB
10986,09-Apr-2002,BB
12103,31-Dec-1983,BBB
10648,31-Dec-1983,AAA
10648,19-Aug-1992,AA
10648,21-Oct-1998,AAA
10648,31-Aug-1999,A
10648,14-Apr-2003,BBB
11734,31-Dec-1983,A
11734,20-Feb-1986,AA
11734,30-Mar-1994,A
11352,31-Dec-1983,AAA
11352,09-Sep-1999,AA
11352,26-Jan-2003,A
11896,31-Dec-1983,AA
11896,01-Jul-1987,A
11896,25-Dec-1995,BBB
11896,26-Nov-1996,A
11896,28-Jul-2002,BBB
11271,31-Dec-1983,AAA
11271,06-Oct-2000,AA
11271,29-Sep-2003,A
10770,31-Dec-1983,A
10770,10-Sep-1998,AA
13072,31-Dec-1983,CCC
13072,04-Sep-1985,D
12486,31-Dec-1983,B
12486,13-Apr-1986,BB
12524,31-Dec-1983,B
12524,31-Jul-1991,D
10841,31-Dec-1983,AAA
10841,13-Aug-2003,BB
14968,31-Dec-1983,BBB
14968,24-Oct-2001,A
13752,31-Dec-1983,CCC
13752,05-Jan-1992,D
11346,31-Dec-1983,BBB
11346,19-Mar-1997,A
11346,26-Dec-2003,BBB
13780,31-Dec-1983,BB
13780,25-Oct-1997,BBB
13780,18-Aug-1998,A
11242,31-Dec-1983,AAA
11242,05-Sep-2003,AA
10825,31-Dec-1983,AAA
10825,21-Oct-2001,AA
12625,31-Dec-1983,A
13314,31-Dec-1983,B
13314,12-Apr-1991,CCC
13314,30-Aug-1997,B
11294,31-Dec-1983,B
11294,10-Jan-1998,BB
11294,17-Jul-1999,B
11294,12-Jul-2002,CCC
14259,31-Dec-1983,AAA
14259,14-Nov-1984,AA
14259,09-Mar-2001,AAA
14259,05-Dec-2003,AA
14643,31-Dec-1983,CCC
14643,22-Dec-1987,B
14643,30-Apr-1988,BB
14643,15-Aug-1995,BBB
12139,31-Dec-1983,AA
12139,10-Jul-1984,A
13942,31-Dec-1983,AAA
13942,16-Jun-1999,AA
11120,31-Dec-1983,BB
11120,10-May-1990,B
13190,31-Dec-1983,AAA
13190,02-May-2002,AA
12915,31-Dec-1983,BB
12915,30-Jan-1998,BBB
13748,31-Dec-1983,BBB
13748,22-May-1999,BB
13748,28-Mar-2003,B
13103,31-Dec-1983,AAA
13480,31-Dec-1983,AAA
13480,26-Jun-1991,AA
13613,31-Dec-1983,CCC
13613,12-Sep-1986,BB
13613,19-Feb-1991,B
13613,28-Oct-1999,D
12918,31-Dec-1983,AA
12918,05-Dec-1988,A
12918,29-Oct-1995,BBB
12918,26-Jun-1997,A
12918,28-Aug-2000,AA
12918,15-Jun-2002,A
11234,31-Dec-1983,AAA
11234,01-Jun-1986,AA
11234,12-Jan-1999,A
11234,04-Dec-2003,BBB
11715,31-Dec-1983,BB
11715,15-Jan-1997,BBB
11715,22-Jun-1998,A
10390,31-Dec-1983,B
10390,20-May-1985,D
14540,31-Dec-1983,AAA
14540,13-Jul-1999,AA
11218,31-Dec-1983,AAA
11218,30-Dec-1984,AA
13893,31-Dec-1983,AAA
13893,25-Nov-1990,AA
13893,05-Jan-1999,BBB
12122,31-Dec-1983,BB
12122,11-Oct-1986,BBB
12122,26-Jun-2003,B
14500,31-Dec-1983,BB
14500,22-May-1994,B
14500,27-Oct-2000,BB
13061,31-Dec-1983,BB
13061,15-Nov-1990,BBB
11090,31-Dec-1983,BBB
11090,30-Dec-1990,BB
14656,31-Dec-1983,BBB
14656,11-Mar-1988,A
14656,13-Nov-1989,BBB
14656,22-Apr-1998,A
11672,31-Dec-1983,A
11672,30-May-1985,BBB
11672,24-Oct-1997,A
11672,14-May-1999,BBB
11672,04-Jun-2001,A
11672,02-Feb-2003,BBB
14551,31-Dec-1983,BBB
14551,31-Aug-1999,BB
14551,23-Sep-2001,BBB
14551,19-Apr-2002,B
10527,31-Dec-1983,AAA
10527,03-May-1994,AA
10527,25-Sep-1999,BBB
10582,31-Dec-1983,CCC
10582,25-Dec-1988,B
10582,12-Sep-1994,BB
10582,01-Feb-2000,BBB
10959,31-Dec-1983,CCC
10959,20-Jun-1984,D
13920,31-Dec-1983,BBB
13920,19-Aug-1996,A
14502,31-Dec-1983,BBB
14502,10-Jul-2000,A
11357,31-Dec-1983,B
11357,20-Feb-1985,D
12689,31-Dec-1983,B
12689,10-Apr-1989,BB
12689,26-Dec-1996,BBB
12689,17-Oct-2002,BB
11612,31-Dec-1983,BB
11612,06-Dec-1993,BBB
11612,07-May-1997,A
11612,17-Mar-1999,BBB
13118,31-Dec-1983,BBB
13118,05-Sep-1990,A
13118,09-May-1995,BBB
13118,08-Jun-1996,AA
13815,31-Dec-1983,AA
13815,27-Nov-1984,A
14907,31-Dec-1983,AAA
14496,31-Dec-1983,CCC
14496,31-Oct-1984,D
13283,31-Dec-1983,BB
13283,22-May-1993,BBB
13283,24-Sep-2001,A
12258,31-Dec-1983,A
13394,31-Dec-1983,B
13394,16-Apr-1999,CCC
13394,15-Apr-2000,B
11459,31-Dec-1983,BBB
11459,18-Apr-1991,BB
11459,09-Jan-1996,BBB
11459,01-Dec-1997,A
14071,31-Dec-1983,B
14071,07-Sep-1985,D
14944,31-Dec-1983,A
14944,26-Mar-1993,AA
10276,31-Dec-1983,A
10276,30-Jun-1984,BBB
10276,15-Oct-1997,A
10276,18-May-1999,BBB
10276,20-Mar-2003,BB
14864,31-Dec-1983,BBB
14864,20-Sep-1999,BB
10198,31-Dec-1983,AAA
10198,08-Oct-1984,AA
11774,31-Dec-1983,AA
11774,10-Sep-2002,A
14295,31-Dec-1983,B
14295,13-Aug-1984,D
11037,31-Dec-1983,AA
13888,31-Dec-1983,A
13888,05-Oct-2000,AA
13666,31-Dec-1983,BBB
14177,31-Dec-1983,B
14177,05-Jul-1996,BBB
14177,30-Apr-1998,A
14177,31-Dec-1998,BBB
11571,31-Dec-1983,B
11571,30-Jul-1990,BB
11571,02-Mar-2000,BBB
13734,31-Dec-1983,AAA
13734,12-Mar-1999,AA
13734,23-Feb-2002,A
14386,31-Dec-1983,AAA
11832,31-Dec-1983,AAA
11832,03-Jul-1985,AA
11832,06-Jan-1987,BBB
11832,20-Jun-1988,A
11832,16-Jan-1989,BBB
11832,10-Jun-1997,A
11832,28-Feb-1998,AA
11832,27-Jul-1999,BB
14081,31-Dec-1983,BB
14081,25-Oct-1984,D
14872,31-Dec-1983,A
14872,31-Jan-1986,AA
14872,25-Mar-1992,A
14872,30-Mar-1995,BBB
14872,08-May-1999,B
11473,31-Dec-1983,AA
11473,29-May-1999,A
11473,10-Feb-2003,BBB
10460,31-Dec-1983,AAA
10460,28-May-1995,AA
11374,31-Dec-1983,AAA
11374,03-Sep-1984,AA
11374,17-Jul-1991,A
11374,09-May-1996,AA
11374,29-Aug-1999,A
14622,31-Dec-1983,A
14622,04-Sep-1998,AA
12820,31-Dec-1983,CCC
11869,31-Dec-1983,B
11869,17-Feb-1989,BB
11869,09-Jun-1994,BBB
12058,31-Dec-1983,BB
12058,08-Dec-1999,B
12058,26-Jul-2000,BB
14687,31-Dec-1983,AAA
11416,31-Dec-1983,A
11416,29-Jul-1993,BB
11416,06-Oct-1998,BBB
11962,31-Dec-1983,A
11962,31-Mar-1999,BBB
14524,31-Dec-1983,A
14524,10-Sep-1994,AA
14524,16-Apr-1996,AAA
10969,31-Dec-1983,CCC
10969,27-Jul-1987,D
11950,31-Dec-1983,A
11950,19-Aug-1991,BBB
11950,24-May-1992,BB
10830,31-Dec-1983,BB
10830,31-Mar-1997,BBB
10830,07-Dec-1998,A
14740,31-Dec-1983,AAA
14740,12-Jun-1984,AA
14972,31-Dec-1983,AAA
13332,31-Dec-1983,CCC
13332,13-Jul-1995,BBB
13332,19-Aug-1999,BB
13332,31-Aug-2000,BBB
13870,31-Dec-1983,BBB
13870,08-Jun-1988,A
13870,03-Mar-1992,AA
13870,10-Sep-1998,AAA
13870,03-Dec-1999,AA
11507,31-Dec-1983,BB
11507,15-May-1997,BBB
11379,31-Dec-1983,A
11379,21-Aug-1999,BBB
13489,31-Dec-1983,B
13489,20-Nov-1986,BB
13489,25-Jun-1990,B
13489,17-Aug-1993,BB
13489,18-Jun-1997,BBB
13489,08-Feb-1999,CCC
13489,10-Feb-2002,D
12994,31-Dec-1983,B
11559,31-Dec-1983,B
11559,08-Feb-1987,D
13998,31-Dec-1983,AA
13998,11-Jun-1984,A
13998,08-Dec-1993,AA
11864,31-Dec-1983,AA
12212,31-Dec-1983,AA
12212,19-Aug-1998,AAA
12212,05-Dec-1999,AA
12212,22-Jan-2002,A
11442,31-Dec-1983,AA
11442,22-Apr-1993,AAA
11442,12-Dec-1998,BBB
14544,31-Dec-1983,CCC
14544,03-Jan-1990,B
14544,02-Mar-1999,CCC
13424,31-Dec-1983,AA
13424,02-Oct-1984,A
13424,31-Oct-1996,AA
14158,31-Dec-1983,AA
14158,08-Aug-1992,A
14158,08-Jul-1993,AA
14158,10-Dec-2003,A
12011,31-Dec-1983,A
12011,27-Sep-1998,AA
12011,12-Sep-2003,A
11678,31-Dec-1983,CCC
11678,28-Sep-1996,BB
11678,14-Nov-1997,BBB
11678,17-Dec-1998,A
11678,24-Dec-2000,AA
13282,31-Dec-1983,CCC
13282,01-Dec-1991,D
13300,31-Dec-1983,BB
13300,13-Apr-1995,BBB
13300,21-Jan-1997,A
14832,31-Dec-1983,BB
14832,26-Oct-1984,B
14832,06-Mar-1993,BB
14832,12-Jan-1998,BBB
14832,08-Oct-2003,BB
12790,31-Dec-1983,CCC
12790,16-Jul-1998,BB
12406,31-Dec-1983,BB
11741,31-Dec-1983,BB
11741,01-May-1994,BBB
11741,30-Jul-1999,BB
14497,31-Dec-1983,A
14885,31-Dec-1983,BB
14885,07-Nov-1986,BBB
14885,22-Aug-1998,A
12601,31-Dec-1983,CCC
12601,02-Jun-1997,BB
12601,18-Jul-1999,D
14895,31-Dec-1983,BB
14895,07-Mar-1985,CCC
14895,27-Mar-1998,BB
13614,31-Dec-1983,AAA
13614,15-Mar-1995,AA
13614,04-Apr-1998,A
11840,31-Dec-1983,B
11840,10-Dec-1987,CCC
11840,22-Aug-1991,D
12382,31-Dec-1983,A
12382,29-Oct-1993,BB
12382,21-May-2001,B
14562,31-Dec-1983,CCC
14562,01-Mar-1984,D
12288,31-Dec-1983,BB
12288,27-Sep-1993,BBB
12288,14-Nov-1996,A
12288,09-May-1997,AA
12288,06-Mar-1998,AAA
11102,31-Dec-1983,A
11102,29-Dec-1999,BBB
14084,31-Dec-1983,AA
14084,16-Dec-2000,AAA
14294,31-Dec-1983,CCC
14294,25-Feb-1986,B
14294,05-Dec-1987,CCC
14294,03-Jun-1990,D
10426,31-Dec-1983,AAA
10426,22-Mar-1999,AA
10426,18-Feb-2003,A
11314,31-Dec-1983,BB
11314,04-Apr-1984,B
11314,17-Jul-1989,BB
11314,30-Jan-1996,BBB
11314,06-Aug-1998,A
11314,10-Jan-1999,BB
11314,14-Jun-2000,BBB
14140,31-Dec-1983,A
14140,01-May-1991,AA
14140,10-Dec-1999,A
11052,31-Dec-1983,BB
11052,20-Apr-1985,B
11052,05-Jun-1995,D
12174,31-Dec-1983,BBB
12174,28-Aug-1996,A
13151,31-Dec-1983,CCC
13151,18-May-1984,D
12881,31-Dec-1983,AA
12881,18-Feb-1985,A
12881,04-Feb-1996,AA
12881,21-Apr-2003,A
11457,31-Dec-1983,B
11457,27-Oct-1995,BB
11948,31-Dec-1983,CCC
11948,16-Aug-1985,D
12336,31-Dec-1983,BBB
14316,31-Dec-1983,AAA
14316,16-Mar-1990,AA
14112,31-Dec-1983,CCC
14112,23-Dec-1984,D
12298,31-Dec-1983,AAA
12298,08-Jun-1988,AA
12298,31-Oct-1999,A
12298,15-Jul-2002,AAA
13710,31-Dec-1983,B
13710,09-Jan-1997,BB
10174,31-Dec-1983,BB
10174,02-Jan-1984,B
10174,13-Oct-1986,BB
10174,12-Jun-1993,BBB
11279,31-Dec-1983,BBB
11279,14-Apr-1988,A
11279,11-Nov-1997,AA
10315,31-Dec-1983,B
10315,27-Aug-1984,CCC
10315,13-Apr-1988,D
13664,31-Dec-1983,BB
13664,23-Aug-1985,BBB
13664,06-Apr-1997,BB
13664,04-Mar-2002,BBB
14667,31-Dec-1983,B
14667,14-May-1989,BB
14667,15-Jul-1999,B
14667,04-Dec-2002,CCC
14667,30-Sep-2003,D
14281,31-Dec-1983,BBB
14281,23-Feb-1984,BB
14281,01-Jan-1997,BBB
13385,31-Dec-1983,CCC
13385,15-Feb-1984,D
14165,31-Dec-1983,CCC
14165,30-Nov-1984,D
10420,31-Dec-1983,B
10420,02-Sep-1986,BB
10420,10-Feb-1998,BBB
11306,31-Dec-1983,BB
11306,16-Dec-1997,BBB
11306,12-Feb-2002,BB
14862,31-Dec-1983,AA
14862,28-Jun-1992,A
14862,11-May-1998,AA
14862,20-Jun-1999,BBB
11762,31-Dec-1983,AA
11762,21-Jan-2002,BB
13098,31-Dec-1983,BBB
13098,29-Apr-1984,BB
13098,06-Apr-1987,B
13098,30-Mar-1991,D
10160,31-Dec-1983,BB
10160,11-Dec-1988,B
10160,11-Jan-1990,CCC
10160,26-Nov-1993,D
14059,31-Dec-1983,B
14059,14-May-1997,BB
14059,29-Aug-1999,B
11117,31-Dec-1983,AA
10570,31-Dec-1983,BBB
10570,14-Dec-1997,A
10869,31-Dec-1983,A
10869,03-Feb-1995,AA
10869,07-Sep-1999,A
10869,30-May-2001,AA
12505,31-Dec-1983,AA
10210,31-Dec-1983,AAA
10210,09-Feb-1994,A
11451,31-Dec-1983,BB
11451,28-Jun-1991,B
11451,17-Jun-1998,BB
11451,16-Nov-1999,B
11451,28-Aug-2001,BB
10438,31-Dec-1983,BB
10438,11-Apr-1985,CCC
10438,27-Aug-1993,BB
10438,23-Aug-1998,BBB
10438,23-Nov-1999,BB
10438,17-Nov-2000,BBB
11016,31-Dec-1983,AAA
11016,02-May-1985,A
14657,31-Dec-1983,B
14657,04-Jun-1986,BB
14657,20-Oct-1989,BBB
14657,02-Dec-1998,A
14657,12-Nov-1999,BBB
14571,31-Dec-1983,A
14571,01-Jul-1998,AA
10171,31-Dec-1983,AA
10171,31-Jul-1996,AAA
10171,03-Dec-2003,AA
14548,31-Dec-1983,A
10374,31-Dec-1983,B
10374,29-Feb-1984,CCC
10374,16-May-1991,D
11278,31-Dec-1983,BBB
13031,31-Dec-1983,A
13031,04-Apr-1989,BB
13801,31-Dec-1983,A
13801,30-Oct-1986,AA
14160,31-Dec-1983,AA
14160,25-Jan-1984,A
14160,12-Apr-1993,AA
13639,31-Dec-1983,AAA
11337,31-Dec-1983,BBB
11337,21-Jul-1998,A
11337,13-Aug-1999,BB
11337,29-May-2002,BBB
11189,31-Dec-1983,BB
11189,04-Apr-1998,A
11189,31-May-2000,AA
11098,31-Dec-1983,BBB
11098,19-May-2003,BB
13386,31-Dec-1983,CCC
13386,04-Feb-2002,D
12883,31-Dec-1983,AAA
12883,16-Feb-2002,AA
12883,10-Aug-2003,A
14461,31-Dec-1983,A
14461,27-Aug-1998,AAA
14461,02-Nov-1999,AA
14461,01-Jul-2003,A
11228,31-Dec-1983,A
11228,22-Apr-1995,BBB
11228,02-Mar-2002,BB
10863,31-Dec-1983,B
10863,17-Jan-1992,CCC
10863,23-Mar-1998,BBB
11151,31-Dec-1983,AAA
11151,13-May-1991,AA
11151,26-Jul-1993,A
11151,26-Jul-1998,AA
10577,31-Dec-1983,B
10577,11-Oct-1984,CCC
10577,03-Aug-1991,B
10577,09-Feb-1992,BB
10577,21-Aug-2000,BBB
10577,26-Jan-2001,A
14264,31-Dec-1983,BB
14264,12-May-1984,B
14264,14-Apr-1990,BB
14264,27-Sep-1999,D
12535,31-Dec-1983,B
12535,24-Jan-1996,BB
12535,03-Oct-1997,AAA
12535,28-Mar-1999,AA
13059,31-Dec-1983,CCC
13059,25-Mar-1986,B
13059,04-Jan-1996,BB
13059,17-Feb-1997,BBB
13059,17-Mar-1999,BB
13059,18-Mar-2000,BBB
11759,31-Dec-1983,AA
11759,26-Nov-1997,AAA
12536,31-Dec-1983,BB
12536,11-Apr-1986,BBB
12536,04-Feb-1991,BB
12536,12-Oct-1997,BBB
12536,31-Aug-1998,A
13517,31-Dec-1983,A
13517,11-Aug-1984,AA
13964,31-Dec-1983,B
13964,04-May-1984,D
12182,31-Dec-1983,BB
12182,08-Sep-1991,B
12182,26-Mar-1998,BB
12182,22-Apr-2001,BBB
12182,10-May-2002,B
14590,31-Dec-1983,A
14590,20-Mar-1999,BBB
12196,31-Dec-1983,B
12196,04-Sep-1986,D
10638,31-Dec-1983,CCC
10638,25-Sep-1990,D
13398,31-Dec-1983,B
13398,03-Jan-1996,BB
13398,09-May-1999,B
10298,31-Dec-1983,AAA
10298,28-Mar-2003,A
11201,31-Dec-1983,AA
11201,04-Dec-1991,A
11201,05-Oct-1999,BB
12147,31-Dec-1983,A
12147,18-May-1985,BBB
12147,07-Sep-1987,BB
12147,12-Sep-1993,B
12147,03-Aug-1994,BB
10322,31-Dec-1983,BB
10322,17-Dec-1990,BBB
11495,31-Dec-1983,BB
11495,11-Oct-1984,B
11495,15-Jul-1991,D
11494,31-Dec-1983,AAA
11494,03-Feb-1999,A
13747,31-Dec-1983,CCC
13747,19-Nov-1985,D
13222,31-Dec-1983,B
13222,03-Apr-1988,CCC
13222,18-Jun-1990,D
12941,31-Dec-1983,BB
12941,30-Apr-1987,BBB
13968,31-Dec-1983,AA
13968,03-Oct-1999,A
11907,31-Dec-1983,BB
11907,20-Oct-1994,BBB
11907,19-Oct-2000,BB
13051,31-Dec-1983,AAA
11355,31-Dec-1983,A
10659,31-Dec-1983,B
10659,15-Nov-1984,CCC
10659,31-Jan-1993,B
10659,31-Aug-1998,BB
10659,02-Jul-1999,B
13818,31-Dec-1983,B
13818,02-May-1998,BB
13818,02-Aug-1999,B
13210,31-Dec-1983,BB
13210,08-May-1997,BBB
12186,31-Dec-1983,AA
12186,16-Mar-1991,A
12186,04-Apr-2000,AA
12290,31-Dec-1983,CCC
12290,05-Feb-1996,BB
12290,23-Feb-1998,BBB
12290,27-Apr-1999,BB
11525,31-Dec-1983,B
11525,04-Aug-1997,BB
11525,25-Feb-2002,B
11525,22-Jan-2003,CCC
12128,31-Dec-1983,BBB
12128,02-Jan-1993,A
12128,09-Oct-1998,AA
13035,31-Dec-1983,AA
13035,05-Sep-1999,A
11919,31-Dec-1983,A
11919,13-Feb-1984,BBB
11919,19-Sep-1997,A
11308,31-Dec-1983,B
12969,31-Dec-1983,AAA
12490,31-Dec-1983,BBB
12490,28-Feb-1987,BB
12490,12-Feb-2003,B
12925,31-Dec-1983,AA
12925,05-Sep-1985,A
12925,21-Feb-2001,BBB
12851,31-Dec-1983,BB
12851,21-Jan-1993,A
14797,31-Dec-1983,BBB
14797,18-Feb-1997,A
12854,31-Dec-1983,AAA
12854,05-Jan-1991,AA
12854,10-Mar-2003,BBB
10132,31-Dec-1983,AAA
10132,25-Jan-1994,AA
10132,13-Jan-2000,AAA
10132,22-Apr-2003,AA
13244,31-Dec-1983,CCC
13244,07-Jul-1997,B
13244,23-May-1998,A
13244,29-Dec-1999,BBB
14139,31-Dec-1983,BB
14139,09-Jun-1991,B
14139,24-Feb-1996,BB
14139,10-Oct-2003,B
11123,31-Dec-1983,BB
11123,27-Sep-1987,CCC
11123,31-Jan-1989,B
11123,20-Jun-1991,CCC
11123,16-Apr-1994,B
11123,27-May-1996,BB
10709,31-Dec-1983,CCC
10709,05-Jun-1984,D
12633,31-Dec-1983,AA
11231,31-Dec-1983,BB
11231,13-Nov-1996,BBB
11231,15-Sep-1997,A
11231,05-Jan-1999,BBB
14196,31-Dec-1983,AA
14196,08-Jan-1991,A
14196,27-Mar-1997,AA
14559,31-Dec-1983,AAA
14559,06-Aug-1997,A
14559,04-Dec-1998,AA
11749,31-Dec-1983,AAA
10224,31-Dec-1983,BB
10224,02-May-1985,B
10224,10-Jun-1988,BB
10224,05-Feb-1990,B
14343,31-Dec-1983,AA
14343,18-Sep-1991,A
14343,20-Sep-2003,BBB
12823,31-Dec-1983,BBB
12823,12-Oct-1985,BB
12823,09-Dec-1988,BBB
12823,17-Jan-1997,A
10785,31-Dec-1983,AA
10785,19-Oct-1998,AAA
10785,19-Jun-1999,AA
12538,31-Dec-1983,BB
12538,11-Apr-1987,B
12538,16-Jan-1988,CCC
12538,14-Oct-1992,D
12597,31-Dec-1983,BBB
12597,24-Nov-1984,BB
12597,10-Oct-1997,A
10853,31-Dec-1983,AAA
10853,01-Nov-1985,AA
10853,05-May-1997,AAA
13741,31-Dec-1983,AA
13741,10-Mar-1993,AAA
13741,18-May-1999,AA
14537,31-Dec-1983,BB
14537,03-Apr-1997,BBB
14537,07-Jan-1999,BB
10154,31-Dec-1983,AAA
11170,31-Dec-1983,BBB
11170,17-Apr-1997,A
10300,31-Dec-1983,A
10300,28-Mar-1993,AA
13473,31-Dec-1983,AAA
13473,14-Mar-1991,AA
13473,06-May-1992,BBB
13473,15-Jul-1994,A
13473,14-Feb-2001,AA
13759,31-Dec-1983,AAA
13759,11-Mar-2003,AA
14182,31-Dec-1983,BBB
14182,26-Jun-2000,A
10227,31-Dec-1983,AA
10227,27-May-1984,A
10227,25-Sep-1993,AA
10227,19-Apr-1997,AAA
11703,31-Dec-1983,AAA
11703,21-Oct-1991,A
11703,29-Nov-1999,BBB
12653,31-Dec-1983,BB
12653,06-Oct-1996,BBB
12653,01-May-1997,A
12653,19-Sep-1998,AA
12653,12-Jan-2003,A
11705,31-Dec-1983,AA
11705,12-Aug-1997,BBB
11705,09-Feb-1998,A
11796,31-Dec-1983,BB
11796,18-Jan-1999,B
14449,31-Dec-1983,CCC
14449,20-Jan-1988,D
14812,31-Dec-1983,B
14812,09-Jan-1984,D
11119,31-Dec-1983,A
11119,14-Dec-2003,BBB
14205,31-Dec-1983,BB
14205,10-Jul-2000,BBB
10776,31-Dec-1983,CCC
10776,03-Oct-1991,D
13562,31-Dec-1983,A
13562,03-Aug-1995,BBB
13562,26-Sep-1996,A
10461,31-Dec-1983,B
10461,26-Apr-1994,BB
10461,05-Nov-1998,BBB
10461,29-Jun-2002,BB
14142,31-Dec-1983,A
14142,11-Feb-1996,BBB
14142,23-Oct-1999,BB
12341,31-Dec-1983,AA
12341,31-Aug-1999,A
12722,31-Dec-1983,A
12722,19-May-1994,AA
12722,19-Sep-1996,AAA
12722,01-Jun-1999,AA
13352,31-Dec-1983,AAA
14704,31-Dec-1983,CCC
14704,20-Jan-1985,D
10169,31-Dec-1983,B
10169,01-Aug-1984,D
10678,31-Dec-1983,A
10678,19-Apr-1990,BBB
10678,29-May-1994,A
10678,01-Aug-2003,BBB
13839,31-Dec-1983,A
11658,31-Dec-1983,BB
11658,25-Apr-1985,B
14716,31-Dec-1983,AAA
14716,22-Feb-1985,AA
14716,27-Dec-1999,A
13130,31-Dec-1983,BB
13130,08-Feb-1984,B
13130,02-May-1997,BB
13130,13-Jan-2003,B
10247,31-Dec-1983,B
10247,02-Dec-1986,BB
10247,16-May-1990,B
10247,27-Dec-1996,BB
10247,17-Jul-1998,BBB
10377,31-Dec-1983,BB
10377,24-Jul-1997,BBB
10377,09-Mar-2003,BB
13699,31-Dec-1983,B
13699,19-Mar-1985,CCC
13699,26-Jun-1998,B
13699,21-Mar-2003,CCC
10362,31-Dec-1983,AAA
10362,07-Dec-1999,A
10670,31-Dec-1983,AA
10824,31-Dec-1983,AAA
14926,31-Dec-1983,AA
12256,31-Dec-1983,A
12256,11-Apr-1999,BBB
14517,31-Dec-1983,CCC
14517,13-Dec-1988,D
14736,31-Dec-1983,A
14736,24-Oct-1997,AA
14894,31-Dec-1983,AAA
14531,31-Dec-1983,BBB
14531,06-May-1996,A
14531,07-Jan-2003,BBB
14873,31-Dec-1983,A
14873,04-May-1991,BBB
14873,20-May-2002,D
13409,31-Dec-1983,AAA
13409,03-Feb-1984,AA
13409,19-Dec-1998,AAA
13409,10-Mar-1999,AA
10278,31-Dec-1983,BBB
11111,31-Dec-1983,BB
11111,01-Mar-1994,BBB
11111,04-Jul-1998,A
11111,04-Jul-1999,BBB
12519,31-Dec-1983,A
12519,18-Jan-1999,BBB
11053,31-Dec-1983,B
11053,13-May-1986,BB
11053,01-Aug-1990,BBB
11053,29-Dec-1994,BB
11456,31-Dec-1983,A
13841,31-Dec-1983,BB
13841,07-Jun-1991,CCC
13841,11-Sep-1997,B
13841,06-Jan-1999,D
13949,31-Dec-1983,A
13949,24-Feb-1984,BB
13949,24-Nov-1994,BBB
13949,16-Jan-1998,AA
13033,31-Dec-1983,BB
13033,10-Jan-1987,B
13033,28-Jul-1993,BB
13033,04-May-2003,B
14775,31-Dec-1983,AA
13902,31-Dec-1983,A
13902,21-Mar-1985,BBB
13902,25-Nov-1991,BB
13902,06-Sep-1994,BBB
13902,15-May-1997,A
13902,25-May-2000,AA
11220,31-Dec-1983,AA
11220,15-Mar-1984,A
12570,31-Dec-1983,BBB
12570,26-Mar-1988,A
14269,31-Dec-1983,A
14269,18-Nov-1984,AA
14269,02-Dec-1988,AAA
13608,31-Dec-1983,B
13608,12-Oct-1999,CCC
13608,29-Mar-2003,D
13836,31-Dec-1983,AA
13836,01-Aug-1997,AAA
